0 verbose cli /opt/homebrew/Cellar/node/23.10.0/bin/node /opt/homebrew/bin/npm
1 info using npm@10.9.2
2 info using node@v23.10.0
3 silly config load:file:/opt/homebrew/lib/node_modules/npm/npmrc
4 silly config load:file:/Users/yonmilk/git/portfolio/.npmrc
5 silly config load:file:/Users/yonmilk/.npmrc
6 silly config load:file:/opt/homebrew/etc/npmrc
7 verbose title npm ci
8 verbose argv "ci" "--cache" ".npm" "--prefer-offline" "--include" "dev"
9 verbose logfile logs-max:10 dir:/Users/yonmilk/git/portfolio/.npm/_logs/2025-09-03T06_10_54_859Z-
10 verbose logfile /Users/yonmilk/git/portfolio/.npm/_logs/2025-09-03T06_10_54_859Z-debug-0.log
11 silly logfile done cleaning log files
12 silly packumentCache heap:4345298944 maxSize:1086324736 maxEntrySize:543162368
13 silly idealTree buildDeps
14 silly reify moves {}
15 silly audit bulk request {
15 silly audit   '@emnapi/core': [ '1.5.0' ],
15 silly audit   '@emnapi/runtime': [ '1.5.0' ],
15 silly audit   '@emnapi/wasi-threads': [ '1.1.0' ],
15 silly audit   '@eslint-community/eslint-utils': [ '4.7.0' ],
15 silly audit   'eslint-visitor-keys': [ '3.4.3', '4.2.1' ],
15 silly audit   '@eslint-community/regexpp': [ '4.12.1' ],
15 silly audit   '@eslint/config-array': [ '0.21.0' ],
15 silly audit   '@eslint/config-helpers': [ '0.3.1' ],
15 silly audit   '@eslint/core': [ '0.15.2' ],
15 silly audit   '@eslint/eslintrc': [ '3.3.1' ],
15 silly audit   '@eslint/js': [ '9.34.0' ],
15 silly audit   '@eslint/object-schema': [ '2.1.6' ],
15 silly audit   '@eslint/plugin-kit': [ '0.3.5' ],
15 silly audit   '@formatjs/ecma402-abstract': [ '2.3.4' ],
15 silly audit   '@formatjs/intl-localematcher': [ '0.6.1', '0.5.10' ],
15 silly audit   '@formatjs/fast-memoize': [ '2.2.7' ],
15 silly audit   '@formatjs/icu-messageformat-parser': [ '2.11.2' ],
15 silly audit   '@formatjs/icu-skeleton-parser': [ '1.8.14' ],
15 silly audit   '@humanfs/core': [ '0.19.1' ],
15 silly audit   '@humanfs/node': [ '0.16.6' ],
15 silly audit   '@humanwhocodes/retry': [ '0.3.1', '0.4.3' ],
15 silly audit   '@humanwhocodes/module-importer': [ '1.0.1' ],
15 silly audit   '@img/sharp-darwin-arm64': [ '0.34.3' ],
15 silly audit   '@img/sharp-darwin-x64': [ '0.34.3' ],
15 silly audit   '@img/sharp-libvips-darwin-arm64': [ '1.2.0' ],
15 silly audit   '@img/sharp-libvips-darwin-x64': [ '1.2.0' ],
15 silly audit   '@img/sharp-libvips-linux-arm': [ '1.2.0' ],
15 silly audit   '@img/sharp-libvips-linux-arm64': [ '1.2.0' ],
15 silly audit   '@img/sharp-libvips-linux-ppc64': [ '1.2.0' ],
15 silly audit   '@img/sharp-libvips-linux-s390x': [ '1.2.0' ],
15 silly audit   '@img/sharp-libvips-linux-x64': [ '1.2.0' ],
15 silly audit   '@img/sharp-libvips-linuxmusl-arm64': [ '1.2.0' ],
15 silly audit   '@img/sharp-libvips-linuxmusl-x64': [ '1.2.0' ],
15 silly audit   '@img/sharp-linux-arm': [ '0.34.3' ],
15 silly audit   '@img/sharp-linux-arm64': [ '0.34.3' ],
15 silly audit   '@img/sharp-linux-ppc64': [ '0.34.3' ],
15 silly audit   '@img/sharp-linux-s390x': [ '0.34.3' ],
15 silly audit   '@img/sharp-linux-x64': [ '0.34.3' ],
15 silly audit   '@img/sharp-linuxmusl-arm64': [ '0.34.3' ],
15 silly audit   '@img/sharp-linuxmusl-x64': [ '0.34.3' ],
15 silly audit   '@img/sharp-wasm32': [ '0.34.3' ],
15 silly audit   '@img/sharp-win32-arm64': [ '0.34.3' ],
15 silly audit   '@img/sharp-win32-ia32': [ '0.34.3' ],
15 silly audit   '@img/sharp-win32-x64': [ '0.34.3' ],
15 silly audit   '@napi-rs/wasm-runtime': [ '0.2.12' ],
15 silly audit   '@next/env': [ '15.5.2' ],
15 silly audit   '@next/eslint-plugin-next': [ '15.5.2' ],
15 silly audit   '@next/swc-darwin-arm64': [ '15.5.2' ],
15 silly audit   '@next/swc-darwin-x64': [ '15.5.2' ],
15 silly audit   '@next/swc-linux-arm64-gnu': [ '15.5.2' ],
15 silly audit   '@next/swc-linux-arm64-musl': [ '15.5.2' ],
15 silly audit   '@next/swc-linux-x64-gnu': [ '15.5.2' ],
15 silly audit   '@next/swc-linux-x64-musl': [ '15.5.2' ],
15 silly audit   '@next/swc-win32-arm64-msvc': [ '15.5.2' ],
15 silly audit   '@next/swc-win32-x64-msvc': [ '15.5.2' ],
15 silly audit   '@nodelib/fs.scandir': [ '2.1.5' ],
15 silly audit   '@nodelib/fs.stat': [ '2.0.5' ],
15 silly audit   '@nodelib/fs.walk': [ '1.2.8' ],
15 silly audit   '@nolyfill/is-core-module': [ '1.0.39' ],
15 silly audit   '@rtsao/scc': [ '1.1.0' ],
15 silly audit   '@rushstack/eslint-patch': [ '1.12.0' ],
15 silly audit   '@schummar/icu-type-parser': [ '1.21.5' ],
15 silly audit   '@swc/helpers': [ '0.5.15' ],
15 silly audit   '@tybys/wasm-util': [ '0.10.0' ],
15 silly audit   '@types/debug': [ '4.1.12' ],
15 silly audit   '@types/estree': [ '1.0.8' ],
15 silly audit   '@types/estree-jsx': [ '1.0.5' ],
15 silly audit   '@types/hast': [ '3.0.4' ],
15 silly audit   '@types/json-schema': [ '7.0.15' ],
15 silly audit   '@types/json5': [ '0.0.29' ],
15 silly audit   '@types/mdast': [ '4.0.4' ],
15 silly audit   '@types/ms': [ '2.1.0' ],
15 silly audit   '@types/node': [ '20.19.11' ],
15 silly audit   '@types/react': [ '19.1.12' ],
15 silly audit   '@types/react-dom': [ '19.1.9' ],
15 silly audit   '@types/unist': [ '3.0.3', '2.0.11' ],
15 silly audit   '@typescript-eslint/eslint-plugin': [ '8.42.0' ],
15 silly audit   ignore: [ '7.0.5', '5.3.2' ],
15 silly audit   '@typescript-eslint/parser': [ '8.42.0' ],
15 silly audit   '@typescript-eslint/project-service': [ '8.42.0' ],
15 silly audit   '@typescript-eslint/scope-manager': [ '8.42.0' ],
15 silly audit   '@typescript-eslint/tsconfig-utils': [ '8.42.0' ],
15 silly audit   '@typescript-eslint/type-utils': [ '8.42.0' ],
15 silly audit   '@typescript-eslint/types': [ '8.42.0' ],
15 silly audit   '@typescript-eslint/typescript-estree': [ '8.42.0' ],
15 silly audit   'brace-expansion': [ '2.0.2', '1.1.12' ],
15 silly audit   'fast-glob': [ '3.3.3', '3.3.1' ],
15 silly audit   'glob-parent': [ '5.1.2', '6.0.2' ],
15 silly audit   minimatch: [ '9.0.5', '3.1.2' ],
15 silly audit   '@typescript-eslint/utils': [ '8.42.0' ],
15 silly audit   '@typescript-eslint/visitor-keys': [ '8.42.0' ],
15 silly audit   '@ungap/structured-clone': [ '1.3.0' ],
15 silly audit   '@unrs/resolver-binding-android-arm-eabi': [ '1.11.1' ],
15 silly audit   '@unrs/resolver-binding-android-arm64': [ '1.11.1' ],
15 silly audit   '@unrs/resolver-binding-darwin-arm64': [ '1.11.1' ],
15 silly audit   '@unrs/resolver-binding-darwin-x64': [ '1.11.1' ],
15 silly audit   '@unrs/resolver-binding-freebsd-x64': [ '1.11.1' ],
15 silly audit   '@unrs/resolver-binding-linux-arm-gnueabihf': [ '1.11.1' ],
15 silly audit   '@unrs/resolver-binding-linux-arm-musleabihf': [ '1.11.1' ],
15 silly audit   '@unrs/resolver-binding-linux-arm64-gnu': [ '1.11.1' ],
15 silly audit   '@unrs/resolver-binding-linux-arm64-musl': [ '1.11.1' ],
15 silly audit   '@unrs/resolver-binding-linux-ppc64-gnu': [ '1.11.1' ],
15 silly audit   '@unrs/resolver-binding-linux-riscv64-gnu': [ '1.11.1' ],
15 silly audit   '@unrs/resolver-binding-linux-riscv64-musl': [ '1.11.1' ],
15 silly audit   '@unrs/resolver-binding-linux-s390x-gnu': [ '1.11.1' ],
15 silly audit   '@unrs/resolver-binding-linux-x64-gnu': [ '1.11.1' ],
15 silly audit   '@unrs/resolver-binding-linux-x64-musl': [ '1.11.1' ],
15 silly audit   '@unrs/resolver-binding-wasm32-wasi': [ '1.11.1' ],
15 silly audit   '@unrs/resolver-binding-win32-arm64-msvc': [ '1.11.1' ],
15 silly audit   '@unrs/resolver-binding-win32-ia32-msvc': [ '1.11.1' ],
15 silly audit   '@unrs/resolver-binding-win32-x64-msvc': [ '1.11.1' ],
15 silly audit   acorn: [ '8.15.0' ],
15 silly audit   'acorn-jsx': [ '5.3.2' ],
15 silly audit   ajv: [ '6.12.6' ],
15 silly audit   'ansi-styles': [ '4.3.0' ],
15 silly audit   argparse: [ '2.0.1' ],
15 silly audit   'aria-query': [ '5.3.2' ],
15 silly audit   'array-buffer-byte-length': [ '1.0.2' ],
15 silly audit   'array-includes': [ '3.1.9' ],
15 silly audit   'array.prototype.findlast': [ '1.2.5' ],
15 silly audit   'array.prototype.findlastindex': [ '1.2.6' ],
15 silly audit   'array.prototype.flat': [ '1.3.3' ],
15 silly audit   'array.prototype.flatmap': [ '1.3.3' ],
15 silly audit   'array.prototype.tosorted': [ '1.1.4' ],
15 silly audit   'arraybuffer.prototype.slice': [ '1.0.4' ],
15 silly audit   'ast-types-flow': [ '0.0.8' ],
15 silly audit   'async-function': [ '1.0.0' ],
15 silly audit   'available-typed-arrays': [ '1.0.7' ],
15 silly audit   'axe-core': [ '4.10.3' ],
15 silly audit   'axobject-query': [ '4.1.0' ],
15 silly audit   bail: [ '2.0.2' ],
15 silly audit   'balanced-match': [ '1.0.2' ],
15 silly audit   braces: [ '3.0.3' ],
15 silly audit   'call-bind': [ '1.0.8' ],
15 silly audit   'call-bind-apply-helpers': [ '1.0.2' ],
15 silly audit   'call-bound': [ '1.0.4' ],
15 silly audit   callsites: [ '3.1.0' ],
15 silly audit   'caniuse-lite': [ '1.0.30001739' ],
15 silly audit   ccount: [ '2.0.1' ],
15 silly audit   chalk: [ '4.1.2' ],
15 silly audit   'character-entities': [ '2.0.2' ],
15 silly audit   'character-entities-html4': [ '2.1.0' ],
15 silly audit   'character-entities-legacy': [ '3.0.0' ],
15 silly audit   'character-reference-invalid': [ '2.0.1' ],
15 silly audit   'client-only': [ '0.0.1' ],
15 silly audit   color: [ '4.2.3' ],
15 silly audit   'color-convert': [ '2.0.1' ],
15 silly audit   'color-name': [ '1.1.4' ],
15 silly audit   'color-string': [ '1.9.1' ],
15 silly audit   'comma-separated-tokens': [ '2.0.3' ],
15 silly audit   'concat-map': [ '0.0.1' ],
15 silly audit   'cross-spawn': [ '7.0.6' ],
15 silly audit   csstype: [ '3.1.3' ],
15 silly audit   'damerau-levenshtein': [ '1.0.8' ],
15 silly audit   'data-view-buffer': [ '1.0.2' ],
15 silly audit   'data-view-byte-length': [ '1.0.2' ],
15 silly audit   'data-view-byte-offset': [ '1.0.1' ],
15 silly audit   debug: [ '4.4.1', '3.2.7' ],
15 silly audit   'decimal.js': [ '10.6.0' ],
15 silly audit   'decode-named-character-reference': [ '1.2.0' ],
15 silly audit   'deep-is': [ '0.1.4' ],
15 silly audit   'define-data-property': [ '1.1.4' ],
15 silly audit   'define-properties': [ '1.2.1' ],
15 silly audit   dequal: [ '2.0.3' ],
15 silly audit   'detect-libc': [ '2.0.4' ],
15 silly audit   devlop: [ '1.1.0' ],
15 silly audit   doctrine: [ '2.1.0' ],
15 silly audit   'dunder-proto': [ '1.0.1' ],
15 silly audit   'emoji-regex': [ '9.2.2' ],
15 silly audit   entities: [ '6.0.1' ],
15 silly audit   'es-abstract': [ '1.24.0' ],
15 silly audit   'es-define-property': [ '1.0.1' ],
15 silly audit   'es-errors': [ '1.3.0' ],
15 silly audit   'es-iterator-helpers': [ '1.2.1' ],
15 silly audit   'es-object-atoms': [ '1.1.1' ],
15 silly audit   'es-set-tostringtag': [ '2.1.0' ],
15 silly audit   'es-shim-unscopables': [ '1.1.0' ],
15 silly audit   'es-to-primitive': [ '1.3.0' ],
15 silly audit   'escape-string-regexp': [ '4.0.0', '5.0.0' ],
15 silly audit   eslint: [ '9.34.0' ],
15 silly audit   'eslint-config-next': [ '15.5.2' ],
15 silly audit   'eslint-import-resolver-node': [ '0.3.9' ],
15 silly audit   'eslint-import-resolver-typescript': [ '3.10.1' ],
15 silly audit   'eslint-module-utils': [ '2.12.1' ],
15 silly audit   'eslint-plugin-import': [ '2.32.0' ],
15 silly audit   semver: [ '6.3.1', '7.7.2' ],
15 silly audit   'eslint-plugin-jsx-a11y': [ '6.10.2' ],
15 silly audit   'eslint-plugin-react': [ '7.37.5' ],
15 silly audit   'eslint-plugin-react-hooks': [ '5.2.0' ],
15 silly audit   resolve: [ '2.0.0-next.5', '1.22.10' ],
15 silly audit   'eslint-scope': [ '8.4.0' ],
15 silly audit   espree: [ '10.4.0' ],
15 silly audit   esquery: [ '1.6.0' ],
15 silly audit   esrecurse: [ '4.3.0' ],
15 silly audit   estraverse: [ '5.3.0' ],
15 silly audit   'estree-util-is-identifier-name': [ '3.0.0' ],
15 silly audit   esutils: [ '2.0.3' ],
15 silly audit   extend: [ '3.0.2' ],
15 silly audit   'fast-deep-equal': [ '3.1.3' ],
15 silly audit   'fast-json-stable-stringify': [ '2.1.0' ],
15 silly audit   'fast-levenshtein': [ '2.0.6' ],
15 silly audit   fastq: [ '1.19.1' ],
15 silly audit   'file-entry-cache': [ '8.0.0' ],
15 silly audit   'fill-range': [ '7.1.1' ],
15 silly audit   'find-up': [ '5.0.0' ],
15 silly audit   'flat-cache': [ '4.0.1' ],
15 silly audit   flatted: [ '3.3.3' ],
15 silly audit   'for-each': [ '0.3.5' ],
15 silly audit   'function-bind': [ '1.1.2' ],
15 silly audit   'function.prototype.name': [ '1.1.8' ],
15 silly audit   'functions-have-names': [ '1.2.3' ],
15 silly audit   'get-intrinsic': [ '1.3.0' ],
15 silly audit   'get-proto': [ '1.0.1' ],
15 silly audit   'get-symbol-description': [ '1.1.0' ],
15 silly audit   'get-tsconfig': [ '4.10.1' ],
15 silly audit   globals: [ '14.0.0' ],
15 silly audit   globalthis: [ '1.0.4' ],
15 silly audit   gopd: [ '1.2.0' ],
15 silly audit   graphemer: [ '1.4.0' ],
15 silly audit   'has-bigints': [ '1.1.0' ],
15 silly audit   'has-flag': [ '4.0.0' ],
15 silly audit   'has-property-descriptors': [ '1.0.2' ],
15 silly audit   'has-proto': [ '1.2.0' ],
15 silly audit   'has-symbols': [ '1.1.0' ],
15 silly audit   'has-tostringtag': [ '1.0.2' ],
15 silly audit   hasown: [ '2.0.2' ],
15 silly audit   'hast-util-from-parse5': [ '8.0.3' ],
15 silly audit   'hast-util-parse-selector': [ '4.0.0' ],
15 silly audit   'hast-util-raw': [ '9.1.0' ],
15 silly audit   'hast-util-sanitize': [ '5.0.2' ],
15 silly audit   'hast-util-to-jsx-runtime': [ '2.3.6' ],
15 silly audit   'hast-util-to-parse5': [ '8.0.0' ],
15 silly audit   'property-information': [ '6.5.0', '7.1.0' ],
15 silly audit   'hast-util-whitespace': [ '3.0.0' ],
15 silly audit   hastscript: [ '9.0.1' ],
15 silly audit   'html-url-attributes': [ '3.0.1' ],
15 silly audit   'html-void-elements': [ '3.0.0' ],
15 silly audit   'import-fresh': [ '3.3.1' ],
15 silly audit   imurmurhash: [ '0.1.4' ],
15 silly audit   'inline-style-parser': [ '0.2.4' ],
15 silly audit   'internal-slot': [ '1.1.0' ],
15 silly audit   'intl-messageformat': [ '10.7.16' ],
15 silly audit   'is-alphabetical': [ '2.0.1' ],
15 silly audit   'is-alphanumerical': [ '2.0.1' ],
15 silly audit   'is-array-buffer': [ '3.0.5' ],
15 silly audit   'is-arrayish': [ '0.3.2' ],
15 silly audit   'is-async-function': [ '2.1.1' ],
15 silly audit   'is-bigint': [ '1.1.0' ],
15 silly audit   'is-boolean-object': [ '1.2.2' ],
15 silly audit   'is-bun-module': [ '2.0.0' ],
15 silly audit   'is-callable': [ '1.2.7' ],
15 silly audit   'is-core-module': [ '2.16.1' ],
15 silly audit   'is-data-view': [ '1.0.2' ],
15 silly audit   'is-date-object': [ '1.1.0' ],
15 silly audit   'is-decimal': [ '2.0.1' ],
15 silly audit   'is-extglob': [ '2.1.1' ],
15 silly audit   'is-finalizationregistry': [ '1.1.1' ],
15 silly audit   'is-generator-function': [ '1.1.0' ],
15 silly audit   'is-glob': [ '4.0.3' ],
15 silly audit   'is-hexadecimal': [ '2.0.1' ],
15 silly audit   'is-map': [ '2.0.3' ],
15 silly audit   'is-negative-zero': [ '2.0.3' ],
15 silly audit   'is-number': [ '7.0.0' ],
15 silly audit   'is-number-object': [ '1.1.1' ],
15 silly audit   'is-plain-obj': [ '4.1.0' ],
15 silly audit   'is-regex': [ '1.2.1' ],
15 silly audit   'is-set': [ '2.0.3' ],
15 silly audit   'is-shared-array-buffer': [ '1.0.4' ],
15 silly audit   'is-string': [ '1.1.1' ],
15 silly audit   'is-symbol': [ '1.1.1' ],
15 silly audit   'is-typed-array': [ '1.1.15' ],
15 silly audit   'is-weakmap': [ '2.0.2' ],
15 silly audit   'is-weakref': [ '1.1.1' ],
15 silly audit   'is-weakset': [ '2.0.4' ],
15 silly audit   isarray: [ '2.0.5' ],
15 silly audit   isexe: [ '2.0.0' ],
15 silly audit   'iterator.prototype': [ '1.1.5' ],
15 silly audit   jiti: [ '2.5.1' ],
15 silly audit   'js-tokens': [ '4.0.0' ],
15 silly audit   'js-yaml': [ '4.1.0' ],
15 silly audit   'json-buffer': [ '3.0.1' ],
15 silly audit   'json-schema-traverse': [ '0.4.1' ],
15 silly audit   'json-stable-stringify-without-jsonify': [ '1.0.1' ],
15 silly audit   json5: [ '1.0.2' ],
15 silly audit   'jsx-ast-utils': [ '3.3.5' ],
15 silly audit   keyv: [ '4.5.4' ],
15 silly audit   'language-subtag-registry': [ '0.3.23' ],
15 silly audit   'language-tags': [ '1.0.9' ],
15 silly audit   levn: [ '0.4.1' ],
15 silly audit   'locate-path': [ '6.0.0' ],
15 silly audit   'lodash.merge': [ '4.6.2' ],
15 silly audit   'longest-streak': [ '3.1.0' ],
15 silly audit   'loose-envify': [ '1.4.0' ],
15 silly audit   'markdown-table': [ '3.0.4' ],
15 silly audit   'math-intrinsics': [ '1.1.0' ],
15 silly audit   'mdast-util-find-and-replace': [ '3.0.2' ],
15 silly audit   'mdast-util-from-markdown': [ '2.0.2' ],
15 silly audit   'mdast-util-gfm': [ '3.1.0' ],
15 silly audit   'mdast-util-gfm-autolink-literal': [ '2.0.1' ],
15 silly audit   'mdast-util-gfm-footnote': [ '2.1.0' ],
15 silly audit   'mdast-util-gfm-strikethrough': [ '2.0.0' ],
15 silly audit   'mdast-util-gfm-table': [ '2.0.0' ],
15 silly audit   'mdast-util-gfm-task-list-item': [ '2.0.0' ],
15 silly audit   'mdast-util-mdx-expression': [ '2.0.1' ],
15 silly audit   'mdast-util-mdx-jsx': [ '3.2.0' ],
15 silly audit   'mdast-util-mdxjs-esm': [ '2.0.1' ],
15 silly audit   'mdast-util-phrasing': [ '4.1.0' ],
15 silly audit   'mdast-util-to-hast': [ '13.2.0' ],
15 silly audit   'mdast-util-to-markdown': [ '2.1.2' ],
15 silly audit   'mdast-util-to-string': [ '4.0.0' ],
15 silly audit   merge2: [ '1.4.1' ],
15 silly audit   micromark: [ '4.0.2' ],
15 silly audit   'micromark-core-commonmark': [ '2.0.3' ],
15 silly audit   'micromark-extension-gfm': [ '3.0.0' ],
15 silly audit   'micromark-extension-gfm-autolink-literal': [ '2.1.0' ],
15 silly audit   'micromark-extension-gfm-footnote': [ '2.1.0' ],
15 silly audit   'micromark-extension-gfm-strikethrough': [ '2.1.0' ],
15 silly audit   'micromark-extension-gfm-table': [ '2.1.1' ],
15 silly audit   'micromark-extension-gfm-tagfilter': [ '2.0.0' ],
15 silly audit   'micromark-extension-gfm-task-list-item': [ '2.1.0' ],
15 silly audit   'micromark-factory-destination': [ '2.0.1' ],
15 silly audit   'micromark-factory-label': [ '2.0.1' ],
15 silly audit   'micromark-factory-space': [ '2.0.1' ],
15 silly audit   'micromark-factory-title': [ '2.0.1' ],
15 silly audit   'micromark-factory-whitespace': [ '2.0.1' ],
15 silly audit   'micromark-util-character': [ '2.1.1' ],
15 silly audit   'micromark-util-chunked': [ '2.0.1' ],
15 silly audit   'micromark-util-classify-character': [ '2.0.1' ],
15 silly audit   'micromark-util-combine-extensions': [ '2.0.1' ],
15 silly audit   'micromark-util-decode-numeric-character-reference': [ '2.0.2' ],
15 silly audit   'micromark-util-decode-string': [ '2.0.1' ],
15 silly audit   'micromark-util-encode': [ '2.0.1' ],
15 silly audit   'micromark-util-html-tag-name': [ '2.0.1' ],
15 silly audit   'micromark-util-normalize-identifier': [ '2.0.1' ],
15 silly audit   'micromark-util-resolve-all': [ '2.0.1' ],
15 silly audit   'micromark-util-sanitize-uri': [ '2.0.1' ],
15 silly audit   'micromark-util-subtokenize': [ '2.1.0' ],
15 silly audit   'micromark-util-symbol': [ '2.0.1' ],
15 silly audit   'micromark-util-types': [ '2.0.2' ],
15 silly audit   micromatch: [ '4.0.8' ],
15 silly audit   minimist: [ '1.2.8' ],
15 silly audit   ms: [ '2.1.3' ],
15 silly audit   nanoid: [ '3.3.11' ],
15 silly audit   'napi-postinstall': [ '0.3.3' ],
15 silly audit   'natural-compare': [ '1.4.0' ],
15 silly audit   negotiator: [ '1.0.0' ],
15 silly audit   next: [ '15.5.2' ],
15 silly audit   'next-intl': [ '4.3.5' ],
15 silly audit   postcss: [ '8.4.31' ],
15 silly audit   'object-assign': [ '4.1.1' ],
15 silly audit   'object-inspect': [ '1.13.4' ],
15 silly audit   'object-keys': [ '1.1.1' ],
15 silly audit   'object.assign': [ '4.1.7' ],
15 silly audit   'object.entries': [ '1.1.9' ],
15 silly audit   'object.fromentries': [ '2.0.8' ],
15 silly audit   'object.groupby': [ '1.0.3' ],
15 silly audit   'object.values': [ '1.2.1' ],
15 silly audit   optionator: [ '0.9.4' ],
15 silly audit   'own-keys': [ '1.0.1' ],
15 silly audit   'p-limit': [ '3.1.0' ],
15 silly audit   'p-locate': [ '5.0.0' ],
15 silly audit   'parent-module': [ '1.0.1' ],
15 silly audit   'parse-entities': [ '4.0.2' ],
15 silly audit   parse5: [ '7.3.0' ],
15 silly audit   'path-exists': [ '4.0.0' ],
15 silly audit   'path-key': [ '3.1.1' ],
15 silly audit   'path-parse': [ '1.0.7' ],
15 silly audit   picocolors: [ '1.1.1' ],
15 silly audit   picomatch: [ '2.3.1', '4.0.3' ],
15 silly audit   'possible-typed-array-names': [ '1.1.0' ],
15 silly audit   'prelude-ls': [ '1.2.1' ],
15 silly audit   'prop-types': [ '15.8.1' ],
15 silly audit   punycode: [ '2.3.1' ],
15 silly audit   'queue-microtask': [ '1.2.3' ],
15 silly audit   react: [ '19.1.0' ],
15 silly audit   'react-dom': [ '19.1.0' ],
15 silly audit   'react-is': [ '16.13.1' ],
15 silly audit   'react-markdown': [ '10.1.0' ],
15 silly audit   'reflect.getprototypeof': [ '1.0.10' ],
15 silly audit   'regexp.prototype.flags': [ '1.5.4' ],
15 silly audit   'rehype-raw': [ '7.0.0' ],
15 silly audit   'rehype-sanitize': [ '6.0.0' ],
15 silly audit   'remark-gfm': [ '4.0.1' ],
15 silly audit   'remark-parse': [ '11.0.0' ],
15 silly audit   'remark-rehype': [ '11.1.2' ],
15 silly audit   'remark-stringify': [ '11.0.0' ],
15 silly audit   'resolve-from': [ '4.0.0' ],
15 silly audit   'resolve-pkg-maps': [ '1.0.0' ],
15 silly audit   reusify: [ '1.1.0' ],
15 silly audit   'run-parallel': [ '1.2.0' ],
15 silly audit   'safe-array-concat': [ '1.1.3' ],
15 silly audit   'safe-push-apply': [ '1.0.0' ],
15 silly audit   'safe-regex-test': [ '1.1.0' ],
15 silly audit   scheduler: [ '0.26.0' ],
15 silly audit   'set-function-length': [ '1.2.2' ],
15 silly audit   'set-function-name': [ '2.0.2' ],
15 silly audit   'set-proto': [ '1.0.0' ],
15 silly audit   sharp: [ '0.34.3' ],
15 silly audit   'shebang-command': [ '2.0.0' ],
15 silly audit   'shebang-regex': [ '3.0.0' ],
15 silly audit   'side-channel': [ '1.1.0' ],
15 silly audit   'side-channel-list': [ '1.0.0' ],
15 silly audit   'side-channel-map': [ '1.0.1' ],
15 silly audit   'side-channel-weakmap': [ '1.0.2' ],
15 silly audit   'simple-swizzle': [ '0.2.2' ],
15 silly audit   'source-map-js': [ '1.2.1' ],
15 silly audit   'space-separated-tokens': [ '2.0.2' ],
15 silly audit   'stable-hash': [ '0.0.5' ],
15 silly audit   'stop-iteration-iterator': [ '1.1.0' ],
15 silly audit   'string.prototype.includes': [ '2.0.1' ],
15 silly audit   'string.prototype.matchall': [ '4.0.12' ],
15 silly audit   'string.prototype.repeat': [ '1.0.0' ],
15 silly audit   'string.prototype.trim': [ '1.2.10' ],
15 silly audit   'string.prototype.trimend': [ '1.0.9' ],
15 silly audit   'string.prototype.trimstart': [ '1.0.8' ],
15 silly audit   'stringify-entities': [ '4.0.4' ],
15 silly audit   'strip-bom': [ '3.0.0' ],
15 silly audit   'strip-json-comments': [ '3.1.1' ],
15 silly audit   'style-to-js': [ '1.1.17' ],
15 silly audit   'style-to-object': [ '1.0.9' ],
15 silly audit   'styled-jsx': [ '5.1.6' ],
15 silly audit   'supports-color': [ '7.2.0' ],
15 silly audit   'supports-preserve-symlinks-flag': [ '1.0.0' ],
15 silly audit   tinyglobby: [ '0.2.14' ],
15 silly audit   fdir: [ '6.5.0' ],
15 silly audit   'to-regex-range': [ '5.0.1' ],
15 silly audit   'trim-lines': [ '3.0.1' ],
15 silly audit   trough: [ '2.2.0' ],
15 silly audit   'ts-api-utils': [ '2.1.0' ],
15 silly audit   'tsconfig-paths': [ '3.15.0' ],
15 silly audit   tslib: [ '2.8.1' ],
15 silly audit   'type-check': [ '0.4.0' ],
15 silly audit   'typed-array-buffer': [ '1.0.3' ],
15 silly audit   'typed-array-byte-length': [ '1.0.3' ],
15 silly audit   'typed-array-byte-offset': [ '1.0.4' ],
15 silly audit   'typed-array-length': [ '1.0.7' ],
15 silly audit   typescript: [ '5.9.2' ],
15 silly audit   'unbox-primitive': [ '1.1.0' ],
15 silly audit   'undici-types': [ '6.21.0' ],
15 silly audit   unified: [ '11.0.5' ],
15 silly audit   'unist-util-is': [ '6.0.0' ],
15 silly audit   'unist-util-position': [ '5.0.0' ],
15 silly audit   'unist-util-stringify-position': [ '4.0.0' ],
15 silly audit   'unist-util-visit': [ '5.0.0' ],
15 silly audit   'unist-util-visit-parents': [ '6.0.1' ],
15 silly audit   'unrs-resolver': [ '1.11.1' ],
15 silly audit   'uri-js': [ '4.4.1' ],
15 silly audit   'use-intl': [ '4.3.5' ],
15 silly audit   vfile: [ '6.0.3' ],
15 silly audit   'vfile-location': [ '5.0.3' ],
15 silly audit   'vfile-message': [ '4.0.3' ],
15 silly audit   'web-namespaces': [ '2.0.1' ],
15 silly audit   which: [ '2.0.2' ],
15 silly audit   'which-boxed-primitive': [ '1.1.1' ],
15 silly audit   'which-builtin-type': [ '1.2.1' ],
15 silly audit   'which-collection': [ '1.0.2' ],
15 silly audit   'which-typed-array': [ '1.1.19' ],
15 silly audit   'word-wrap': [ '1.2.5' ],
15 silly audit   'yocto-queue': [ '0.1.0' ],
15 silly audit   zwitch: [ '2.0.4' ]
15 silly audit }
16 verbose reify failed optional dependency /Users/yonmilk/git/portfolio/node_modules/@unrs/resolver-binding-win32-x64-msvc
17 silly reify mark deleted [
17 silly reify   '/Users/yonmilk/git/portfolio/node_modules/@unrs/resolver-binding-win32-x64-msvc'
17 silly reify ]
18 verbose reify failed optional dependency /Users/yonmilk/git/portfolio/node_modules/@unrs/resolver-binding-win32-ia32-msvc
19 silly reify mark deleted [
19 silly reify   '/Users/yonmilk/git/portfolio/node_modules/@unrs/resolver-binding-win32-ia32-msvc'
19 silly reify ]
20 verbose reify failed optional dependency /Users/yonmilk/git/portfolio/node_modules/@unrs/resolver-binding-win32-arm64-msvc
21 silly reify mark deleted [
21 silly reify   '/Users/yonmilk/git/portfolio/node_modules/@unrs/resolver-binding-win32-arm64-msvc'
21 silly reify ]
22 verbose reify failed optional dependency /Users/yonmilk/git/portfolio/node_modules/@unrs/resolver-binding-wasm32-wasi
23 silly reify mark deleted [
23 silly reify   '/Users/yonmilk/git/portfolio/node_modules/@unrs/resolver-binding-wasm32-wasi'
23 silly reify ]
24 verbose reify failed optional dependency /Users/yonmilk/git/portfolio/node_modules/@napi-rs/wasm-runtime
25 silly reify mark deleted [ '/Users/yonmilk/git/portfolio/node_modules/@napi-rs/wasm-runtime' ]
26 verbose reify failed optional dependency /Users/yonmilk/git/portfolio/node_modules/@emnapi/core
27 silly reify mark deleted [ '/Users/yonmilk/git/portfolio/node_modules/@emnapi/core' ]
28 verbose reify failed optional dependency /Users/yonmilk/git/portfolio/node_modules/@tybys/wasm-util
29 silly reify mark deleted [ '/Users/yonmilk/git/portfolio/node_modules/@tybys/wasm-util' ]
30 verbose reify failed optional dependency /Users/yonmilk/git/portfolio/node_modules/@emnapi/wasi-threads
31 silly reify mark deleted [ '/Users/yonmilk/git/portfolio/node_modules/@emnapi/wasi-threads' ]
32 verbose reify failed optional dependency /Users/yonmilk/git/portfolio/node_modules/@unrs/resolver-binding-linux-x64-musl
33 silly reify mark deleted [
33 silly reify   '/Users/yonmilk/git/portfolio/node_modules/@unrs/resolver-binding-linux-x64-musl'
33 silly reify ]
34 verbose reify failed optional dependency /Users/yonmilk/git/portfolio/node_modules/@unrs/resolver-binding-linux-x64-gnu
35 silly reify mark deleted [
35 silly reify   '/Users/yonmilk/git/portfolio/node_modules/@unrs/resolver-binding-linux-x64-gnu'
35 silly reify ]
36 verbose reify failed optional dependency /Users/yonmilk/git/portfolio/node_modules/@unrs/resolver-binding-linux-s390x-gnu
37 silly reify mark deleted [
37 silly reify   '/Users/yonmilk/git/portfolio/node_modules/@unrs/resolver-binding-linux-s390x-gnu'
37 silly reify ]
38 verbose reify failed optional dependency /Users/yonmilk/git/portfolio/node_modules/@unrs/resolver-binding-linux-riscv64-musl
39 silly reify mark deleted [
39 silly reify   '/Users/yonmilk/git/portfolio/node_modules/@unrs/resolver-binding-linux-riscv64-musl'
39 silly reify ]
40 verbose reify failed optional dependency /Users/yonmilk/git/portfolio/node_modules/@unrs/resolver-binding-linux-riscv64-gnu
41 silly reify mark deleted [
41 silly reify   '/Users/yonmilk/git/portfolio/node_modules/@unrs/resolver-binding-linux-riscv64-gnu'
41 silly reify ]
42 verbose reify failed optional dependency /Users/yonmilk/git/portfolio/node_modules/@unrs/resolver-binding-linux-ppc64-gnu
43 silly reify mark deleted [
43 silly reify   '/Users/yonmilk/git/portfolio/node_modules/@unrs/resolver-binding-linux-ppc64-gnu'
43 silly reify ]
44 verbose reify failed optional dependency /Users/yonmilk/git/portfolio/node_modules/@unrs/resolver-binding-linux-arm64-musl
45 silly reify mark deleted [
45 silly reify   '/Users/yonmilk/git/portfolio/node_modules/@unrs/resolver-binding-linux-arm64-musl'
45 silly reify ]
46 verbose reify failed optional dependency /Users/yonmilk/git/portfolio/node_modules/@unrs/resolver-binding-linux-arm64-gnu
47 silly reify mark deleted [
47 silly reify   '/Users/yonmilk/git/portfolio/node_modules/@unrs/resolver-binding-linux-arm64-gnu'
47 silly reify ]
48 verbose reify failed optional dependency /Users/yonmilk/git/portfolio/node_modules/@unrs/resolver-binding-linux-arm-musleabihf
49 silly reify mark deleted [
49 silly reify   '/Users/yonmilk/git/portfolio/node_modules/@unrs/resolver-binding-linux-arm-musleabihf'
49 silly reify ]
50 verbose reify failed optional dependency /Users/yonmilk/git/portfolio/node_modules/@unrs/resolver-binding-linux-arm-gnueabihf
51 silly reify mark deleted [
51 silly reify   '/Users/yonmilk/git/portfolio/node_modules/@unrs/resolver-binding-linux-arm-gnueabihf'
51 silly reify ]
52 verbose reify failed optional dependency /Users/yonmilk/git/portfolio/node_modules/@unrs/resolver-binding-freebsd-x64
53 silly reify mark deleted [
53 silly reify   '/Users/yonmilk/git/portfolio/node_modules/@unrs/resolver-binding-freebsd-x64'
53 silly reify ]
54 verbose reify failed optional dependency /Users/yonmilk/git/portfolio/node_modules/@unrs/resolver-binding-darwin-x64
55 silly reify mark deleted [
55 silly reify   '/Users/yonmilk/git/portfolio/node_modules/@unrs/resolver-binding-darwin-x64'
55 silly reify ]
56 verbose reify failed optional dependency /Users/yonmilk/git/portfolio/node_modules/@unrs/resolver-binding-android-arm64
57 silly reify mark deleted [
57 silly reify   '/Users/yonmilk/git/portfolio/node_modules/@unrs/resolver-binding-android-arm64'
57 silly reify ]
58 verbose reify failed optional dependency /Users/yonmilk/git/portfolio/node_modules/@unrs/resolver-binding-android-arm-eabi
59 silly reify mark deleted [
59 silly reify   '/Users/yonmilk/git/portfolio/node_modules/@unrs/resolver-binding-android-arm-eabi'
59 silly reify ]
60 verbose reify failed optional dependency /Users/yonmilk/git/portfolio/node_modules/@next/swc-win32-x64-msvc
61 silly reify mark deleted [
61 silly reify   '/Users/yonmilk/git/portfolio/node_modules/@next/swc-win32-x64-msvc'
61 silly reify ]
62 verbose reify failed optional dependency /Users/yonmilk/git/portfolio/node_modules/@next/swc-win32-arm64-msvc
63 silly reify mark deleted [
63 silly reify   '/Users/yonmilk/git/portfolio/node_modules/@next/swc-win32-arm64-msvc'
63 silly reify ]
64 verbose reify failed optional dependency /Users/yonmilk/git/portfolio/node_modules/@next/swc-linux-x64-musl
65 silly reify mark deleted [
65 silly reify   '/Users/yonmilk/git/portfolio/node_modules/@next/swc-linux-x64-musl'
65 silly reify ]
66 verbose reify failed optional dependency /Users/yonmilk/git/portfolio/node_modules/@next/swc-linux-x64-gnu
67 silly reify mark deleted [ '/Users/yonmilk/git/portfolio/node_modules/@next/swc-linux-x64-gnu' ]
68 verbose reify failed optional dependency /Users/yonmilk/git/portfolio/node_modules/@next/swc-linux-arm64-musl
69 silly reify mark deleted [
69 silly reify   '/Users/yonmilk/git/portfolio/node_modules/@next/swc-linux-arm64-musl'
69 silly reify ]
70 verbose reify failed optional dependency /Users/yonmilk/git/portfolio/node_modules/@next/swc-linux-arm64-gnu
71 silly reify mark deleted [
71 silly reify   '/Users/yonmilk/git/portfolio/node_modules/@next/swc-linux-arm64-gnu'
71 silly reify ]
72 verbose reify failed optional dependency /Users/yonmilk/git/portfolio/node_modules/@next/swc-darwin-x64
73 silly reify mark deleted [ '/Users/yonmilk/git/portfolio/node_modules/@next/swc-darwin-x64' ]
74 verbose reify failed optional dependency /Users/yonmilk/git/portfolio/node_modules/@img/sharp-win32-x64
75 silly reify mark deleted [ '/Users/yonmilk/git/portfolio/node_modules/@img/sharp-win32-x64' ]
76 verbose reify failed optional dependency /Users/yonmilk/git/portfolio/node_modules/@img/sharp-win32-ia32
77 silly reify mark deleted [ '/Users/yonmilk/git/portfolio/node_modules/@img/sharp-win32-ia32' ]
78 verbose reify failed optional dependency /Users/yonmilk/git/portfolio/node_modules/@img/sharp-win32-arm64
79 silly reify mark deleted [ '/Users/yonmilk/git/portfolio/node_modules/@img/sharp-win32-arm64' ]
80 verbose reify failed optional dependency /Users/yonmilk/git/portfolio/node_modules/@img/sharp-wasm32
81 silly reify mark deleted [ '/Users/yonmilk/git/portfolio/node_modules/@img/sharp-wasm32' ]
82 verbose reify failed optional dependency /Users/yonmilk/git/portfolio/node_modules/@img/sharp-linuxmusl-x64
83 silly reify mark deleted [
83 silly reify   '/Users/yonmilk/git/portfolio/node_modules/@img/sharp-linuxmusl-x64'
83 silly reify ]
84 verbose reify failed optional dependency /Users/yonmilk/git/portfolio/node_modules/@img/sharp-linuxmusl-arm64
85 silly reify mark deleted [
85 silly reify   '/Users/yonmilk/git/portfolio/node_modules/@img/sharp-linuxmusl-arm64'
85 silly reify ]
86 verbose reify failed optional dependency /Users/yonmilk/git/portfolio/node_modules/@img/sharp-linux-x64
87 silly reify mark deleted [ '/Users/yonmilk/git/portfolio/node_modules/@img/sharp-linux-x64' ]
88 verbose reify failed optional dependency /Users/yonmilk/git/portfolio/node_modules/@img/sharp-linux-s390x
89 silly reify mark deleted [ '/Users/yonmilk/git/portfolio/node_modules/@img/sharp-linux-s390x' ]
90 verbose reify failed optional dependency /Users/yonmilk/git/portfolio/node_modules/@img/sharp-linux-ppc64
91 silly reify mark deleted [ '/Users/yonmilk/git/portfolio/node_modules/@img/sharp-linux-ppc64' ]
92 verbose reify failed optional dependency /Users/yonmilk/git/portfolio/node_modules/@img/sharp-linux-arm64
93 silly reify mark deleted [ '/Users/yonmilk/git/portfolio/node_modules/@img/sharp-linux-arm64' ]
94 verbose reify failed optional dependency /Users/yonmilk/git/portfolio/node_modules/@img/sharp-linux-arm
95 silly reify mark deleted [ '/Users/yonmilk/git/portfolio/node_modules/@img/sharp-linux-arm' ]
96 verbose reify failed optional dependency /Users/yonmilk/git/portfolio/node_modules/@img/sharp-libvips-linuxmusl-x64
97 silly reify mark deleted [
97 silly reify   '/Users/yonmilk/git/portfolio/node_modules/@img/sharp-libvips-linuxmusl-x64'
97 silly reify ]
98 verbose reify failed optional dependency /Users/yonmilk/git/portfolio/node_modules/@img/sharp-libvips-linuxmusl-arm64
99 silly reify mark deleted [
99 silly reify   '/Users/yonmilk/git/portfolio/node_modules/@img/sharp-libvips-linuxmusl-arm64'
99 silly reify ]
100 verbose reify failed optional dependency /Users/yonmilk/git/portfolio/node_modules/@img/sharp-libvips-linux-x64
101 silly reify mark deleted [
101 silly reify   '/Users/yonmilk/git/portfolio/node_modules/@img/sharp-libvips-linux-x64'
101 silly reify ]
102 verbose reify failed optional dependency /Users/yonmilk/git/portfolio/node_modules/@img/sharp-libvips-linux-s390x
103 silly reify mark deleted [
103 silly reify   '/Users/yonmilk/git/portfolio/node_modules/@img/sharp-libvips-linux-s390x'
103 silly reify ]
104 verbose reify failed optional dependency /Users/yonmilk/git/portfolio/node_modules/@img/sharp-libvips-linux-ppc64
105 silly reify mark deleted [
105 silly reify   '/Users/yonmilk/git/portfolio/node_modules/@img/sharp-libvips-linux-ppc64'
105 silly reify ]
106 verbose reify failed optional dependency /Users/yonmilk/git/portfolio/node_modules/@img/sharp-libvips-linux-arm64
107 silly reify mark deleted [
107 silly reify   '/Users/yonmilk/git/portfolio/node_modules/@img/sharp-libvips-linux-arm64'
107 silly reify ]
108 verbose reify failed optional dependency /Users/yonmilk/git/portfolio/node_modules/@img/sharp-libvips-linux-arm
109 silly reify mark deleted [
109 silly reify   '/Users/yonmilk/git/portfolio/node_modules/@img/sharp-libvips-linux-arm'
109 silly reify ]
110 verbose reify failed optional dependency /Users/yonmilk/git/portfolio/node_modules/@img/sharp-libvips-darwin-x64
111 silly reify mark deleted [
111 silly reify   '/Users/yonmilk/git/portfolio/node_modules/@img/sharp-libvips-darwin-x64'
111 silly reify ]
112 verbose reify failed optional dependency /Users/yonmilk/git/portfolio/node_modules/@img/sharp-darwin-x64
113 silly reify mark deleted [ '/Users/yonmilk/git/portfolio/node_modules/@img/sharp-darwin-x64' ]
114 http cache zwitch@https://registry.npmjs.org/zwitch/-/zwitch-2.0.4.tgz 0ms (cache hit)
115 http cache yocto-queue@https://registry.npmjs.org/yocto-queue/-/yocto-queue-0.1.0.tgz 0ms (cache hit)
116 http cache which-collection@https://registry.npmjs.org/which-collection/-/which-collection-1.0.2.tgz 0ms (cache hit)
117 http cache which-builtin-type@https://registry.npmjs.org/which-builtin-type/-/which-builtin-type-1.2.1.tgz 0ms (cache hit)
118 http cache which-typed-array@https://registry.npmjs.org/which-typed-array/-/which-typed-array-1.1.19.tgz 0ms (cache hit)
119 http cache which-boxed-primitive@https://registry.npmjs.org/which-boxed-primitive/-/which-boxed-primitive-1.1.1.tgz 0ms (cache hit)
120 http cache word-wrap@https://registry.npmjs.org/word-wrap/-/word-wrap-1.2.5.tgz 0ms (cache hit)
121 http cache which@https://registry.npmjs.org/which/-/which-2.0.2.tgz 0ms (cache hit)
122 http cache vfile-message@https://registry.npmjs.org/vfile-message/-/vfile-message-4.0.3.tgz 0ms (cache hit)
123 http cache vfile-location@https://registry.npmjs.org/vfile-location/-/vfile-location-5.0.3.tgz 0ms (cache hit)
124 http cache web-namespaces@https://registry.npmjs.org/web-namespaces/-/web-namespaces-2.0.1.tgz 0ms (cache hit)
125 http cache use-intl@https://registry.npmjs.org/use-intl/-/use-intl-4.3.5.tgz 0ms (cache hit)
126 http cache vfile@https://registry.npmjs.org/vfile/-/vfile-6.0.3.tgz 0ms (cache hit)
127 http cache unist-util-visit-parents@https://registry.npmjs.org/unist-util-visit-parents/-/unist-util-visit-parents-6.0.1.tgz 0ms (cache hit)
128 http cache unrs-resolver@https://registry.npmjs.org/unrs-resolver/-/unrs-resolver-1.11.1.tgz 0ms (cache hit)
129 http cache unist-util-visit@https://registry.npmjs.org/unist-util-visit/-/unist-util-visit-5.0.0.tgz 0ms (cache hit)
130 http cache unist-util-stringify-position@https://registry.npmjs.org/unist-util-stringify-position/-/unist-util-stringify-position-4.0.0.tgz 0ms (cache hit)
131 http cache unist-util-is@https://registry.npmjs.org/unist-util-is/-/unist-util-is-6.0.0.tgz 0ms (cache hit)
132 http cache uri-js@https://registry.npmjs.org/uri-js/-/uri-js-4.4.1.tgz 0ms (cache hit)
133 http cache unified@https://registry.npmjs.org/unified/-/unified-11.0.5.tgz 0ms (cache hit)
134 http cache unist-util-position@https://registry.npmjs.org/unist-util-position/-/unist-util-position-5.0.0.tgz 0ms (cache hit)
135 http cache typescript@https://registry.npmjs.org/typescript/-/typescript-5.9.2.tgz 0ms (cache hit)
136 http cache typed-array-length@https://registry.npmjs.org/typed-array-length/-/typed-array-length-1.0.7.tgz 0ms (cache hit)
137 http cache undici-types@https://registry.npmjs.org/undici-types/-/undici-types-6.21.0.tgz 0ms (cache hit)
138 http cache typed-array-byte-offset@https://registry.npmjs.org/typed-array-byte-offset/-/typed-array-byte-offset-1.0.4.tgz 0ms (cache hit)
139 http cache unbox-primitive@https://registry.npmjs.org/unbox-primitive/-/unbox-primitive-1.1.0.tgz 0ms (cache hit)
140 http cache typed-array-byte-length@https://registry.npmjs.org/typed-array-byte-length/-/typed-array-byte-length-1.0.3.tgz 0ms (cache hit)
141 http cache typed-array-buffer@https://registry.npmjs.org/typed-array-buffer/-/typed-array-buffer-1.0.3.tgz 0ms (cache hit)
142 http cache type-check@https://registry.npmjs.org/type-check/-/type-check-0.4.0.tgz 0ms (cache hit)
143 http cache tsconfig-paths@https://registry.npmjs.org/tsconfig-paths/-/tsconfig-paths-3.15.0.tgz 0ms (cache hit)
144 http cache ts-api-utils@https://registry.npmjs.org/ts-api-utils/-/ts-api-utils-2.1.0.tgz 0ms (cache hit)
145 http cache tslib@https://registry.npmjs.org/tslib/-/tslib-2.8.1.tgz 0ms (cache hit)
146 http cache trough@https://registry.npmjs.org/trough/-/trough-2.2.0.tgz 0ms (cache hit)
147 http cache tinyglobby@https://registry.npmjs.org/tinyglobby/-/tinyglobby-0.2.14.tgz 0ms (cache hit)
148 http cache trim-lines@https://registry.npmjs.org/trim-lines/-/trim-lines-3.0.1.tgz 0ms (cache hit)
149 http cache to-regex-range@https://registry.npmjs.org/to-regex-range/-/to-regex-range-5.0.1.tgz 0ms (cache hit)
150 http cache styled-jsx@https://registry.npmjs.org/styled-jsx/-/styled-jsx-5.1.6.tgz 0ms (cache hit)
151 http cache supports-preserve-symlinks-flag@https://registry.npmjs.org/supports-preserve-symlinks-flag/-/supports-preserve-symlinks-flag-1.0.0.tgz 0ms (cache hit)
152 http cache supports-color@https://registry.npmjs.org/supports-color/-/supports-color-7.2.0.tgz 0ms (cache hit)
153 http cache style-to-js@https://registry.npmjs.org/style-to-js/-/style-to-js-1.1.17.tgz 0ms (cache hit)
154 http cache strip-json-comments@https://registry.npmjs.org/strip-json-comments/-/strip-json-comments-3.1.1.tgz 0ms (cache hit)
155 http cache style-to-object@https://registry.npmjs.org/style-to-object/-/style-to-object-1.0.9.tgz 0ms (cache hit)
156 http cache stringify-entities@https://registry.npmjs.org/stringify-entities/-/stringify-entities-4.0.4.tgz 0ms (cache hit)
157 http cache string.prototype.trimstart@https://registry.npmjs.org/string.prototype.trimstart/-/string.prototype.trimstart-1.0.8.tgz 0ms (cache hit)
158 http cache string.prototype.trim@https://registry.npmjs.org/string.prototype.trim/-/string.prototype.trim-1.2.10.tgz 0ms (cache hit)
159 http cache string.prototype.repeat@https://registry.npmjs.org/string.prototype.repeat/-/string.prototype.repeat-1.0.0.tgz 0ms (cache hit)
160 http cache string.prototype.trimend@https://registry.npmjs.org/string.prototype.trimend/-/string.prototype.trimend-1.0.9.tgz 0ms (cache hit)
161 http cache strip-bom@https://registry.npmjs.org/strip-bom/-/strip-bom-3.0.0.tgz 0ms (cache hit)
162 http cache string.prototype.matchall@https://registry.npmjs.org/string.prototype.matchall/-/string.prototype.matchall-4.0.12.tgz 0ms (cache hit)
163 http cache stop-iteration-iterator@https://registry.npmjs.org/stop-iteration-iterator/-/stop-iteration-iterator-1.1.0.tgz 0ms (cache hit)
164 http cache string.prototype.includes@https://registry.npmjs.org/string.prototype.includes/-/string.prototype.includes-2.0.1.tgz 0ms (cache hit)
165 http cache source-map-js@https://registry.npmjs.org/source-map-js/-/source-map-js-1.2.1.tgz 0ms (cache hit)
166 http cache simple-swizzle@https://registry.npmjs.org/simple-swizzle/-/simple-swizzle-0.2.2.tgz 0ms (cache hit)
167 http cache space-separated-tokens@https://registry.npmjs.org/space-separated-tokens/-/space-separated-tokens-2.0.2.tgz 0ms (cache hit)
168 http cache side-channel-weakmap@https://registry.npmjs.org/side-channel-weakmap/-/side-channel-weakmap-1.0.2.tgz 0ms (cache hit)
169 http cache side-channel-map@https://registry.npmjs.org/side-channel-map/-/side-channel-map-1.0.1.tgz 0ms (cache hit)
170 http cache side-channel-list@https://registry.npmjs.org/side-channel-list/-/side-channel-list-1.0.0.tgz 0ms (cache hit)
171 http cache shebang-regex@https://registry.npmjs.org/shebang-regex/-/shebang-regex-3.0.0.tgz 0ms (cache hit)
172 http cache side-channel@https://registry.npmjs.org/side-channel/-/side-channel-1.1.0.tgz 0ms (cache hit)
173 http cache sharp@https://registry.npmjs.org/sharp/-/sharp-0.34.3.tgz 0ms (cache hit)
174 http cache set-function-name@https://registry.npmjs.org/set-function-name/-/set-function-name-2.0.2.tgz 0ms (cache hit)
175 http cache set-proto@https://registry.npmjs.org/set-proto/-/set-proto-1.0.0.tgz 0ms (cache hit)
176 http cache set-function-length@https://registry.npmjs.org/set-function-length/-/set-function-length-1.2.2.tgz 0ms (cache hit)
177 http cache semver@https://registry.npmjs.org/semver/-/semver-7.7.2.tgz 0ms (cache hit)
178 http cache scheduler@https://registry.npmjs.org/scheduler/-/scheduler-0.26.0.tgz 0ms (cache hit)
179 http cache safe-regex-test@https://registry.npmjs.org/safe-regex-test/-/safe-regex-test-1.1.0.tgz 0ms (cache hit)
180 http cache safe-push-apply@https://registry.npmjs.org/safe-push-apply/-/safe-push-apply-1.0.0.tgz 0ms (cache hit)
181 http cache stable-hash@https://registry.npmjs.org/stable-hash/-/stable-hash-0.0.5.tgz 0ms (cache hit)
182 http cache run-parallel@https://registry.npmjs.org/run-parallel/-/run-parallel-1.2.0.tgz 0ms (cache hit)
183 http cache safe-array-concat@https://registry.npmjs.org/safe-array-concat/-/safe-array-concat-1.1.3.tgz 0ms (cache hit)
184 http cache resolve-pkg-maps@https://registry.npmjs.org/resolve-pkg-maps/-/resolve-pkg-maps-1.0.0.tgz 0ms (cache hit)
185 http cache resolve-from@https://registry.npmjs.org/resolve-from/-/resolve-from-4.0.0.tgz 0ms (cache hit)
186 http cache remark-stringify@https://registry.npmjs.org/remark-stringify/-/remark-stringify-11.0.0.tgz 0ms (cache hit)
187 http cache reusify@https://registry.npmjs.org/reusify/-/reusify-1.1.0.tgz 0ms (cache hit)
188 http cache shebang-command@https://registry.npmjs.org/shebang-command/-/shebang-command-2.0.0.tgz 0ms (cache hit)
189 http cache remark-rehype@https://registry.npmjs.org/remark-rehype/-/remark-rehype-11.1.2.tgz 0ms (cache hit)
190 http cache resolve@https://registry.npmjs.org/resolve/-/resolve-1.22.10.tgz 0ms (cache hit)
191 http cache remark-parse@https://registry.npmjs.org/remark-parse/-/remark-parse-11.0.0.tgz 0ms (cache hit)
192 http cache rehype-raw@https://registry.npmjs.org/rehype-raw/-/rehype-raw-7.0.0.tgz 0ms (cache hit)
193 http cache reflect.getprototypeof@https://registry.npmjs.org/reflect.getprototypeof/-/reflect.getprototypeof-1.0.10.tgz 0ms (cache hit)
194 http cache regexp.prototype.flags@https://registry.npmjs.org/regexp.prototype.flags/-/regexp.prototype.flags-1.5.4.tgz 0ms (cache hit)
195 http cache react-markdown@https://registry.npmjs.org/react-markdown/-/react-markdown-10.1.0.tgz 0ms (cache hit)
196 http cache remark-gfm@https://registry.npmjs.org/remark-gfm/-/remark-gfm-4.0.1.tgz 0ms (cache hit)
197 http cache react-is@https://registry.npmjs.org/react-is/-/react-is-16.13.1.tgz 0ms (cache hit)
198 http cache react-dom@https://registry.npmjs.org/react-dom/-/react-dom-19.1.0.tgz 0ms (cache hit)
199 http cache queue-microtask@https://registry.npmjs.org/queue-microtask/-/queue-microtask-1.2.3.tgz 0ms (cache hit)
200 http cache punycode@https://registry.npmjs.org/punycode/-/punycode-2.3.1.tgz 0ms (cache hit)
201 http cache react@https://registry.npmjs.org/react/-/react-19.1.0.tgz 0ms (cache hit)
202 http cache property-information@https://registry.npmjs.org/property-information/-/property-information-7.1.0.tgz 0ms (cache hit)
203 http cache prelude-ls@https://registry.npmjs.org/prelude-ls/-/prelude-ls-1.2.1.tgz 0ms (cache hit)
204 http cache prop-types@https://registry.npmjs.org/prop-types/-/prop-types-15.8.1.tgz 0ms (cache hit)
205 http cache possible-typed-array-names@https://registry.npmjs.org/possible-typed-array-names/-/possible-typed-array-names-1.1.0.tgz 0ms (cache hit)
206 http cache rehype-sanitize@https://registry.npmjs.org/rehype-sanitize/-/rehype-sanitize-6.0.0.tgz 0ms (cache hit)
207 http cache picomatch@https://registry.npmjs.org/picomatch/-/picomatch-2.3.1.tgz 0ms (cache hit)
208 http cache picocolors@https://registry.npmjs.org/picocolors/-/picocolors-1.1.1.tgz 0ms (cache hit)
209 http cache path-key@https://registry.npmjs.org/path-key/-/path-key-3.1.1.tgz 0ms (cache hit)
210 http cache path-parse@https://registry.npmjs.org/path-parse/-/path-parse-1.0.7.tgz 0ms (cache hit)
211 http cache parse-entities@https://registry.npmjs.org/parse-entities/-/parse-entities-4.0.2.tgz 0ms (cache hit)
212 http cache parse5@https://registry.npmjs.org/parse5/-/parse5-7.3.0.tgz 0ms (cache hit)
213 http cache parent-module@https://registry.npmjs.org/parent-module/-/parent-module-1.0.1.tgz 0ms (cache hit)
214 http cache path-exists@https://registry.npmjs.org/path-exists/-/path-exists-4.0.0.tgz 0ms (cache hit)
215 http cache p-locate@https://registry.npmjs.org/p-locate/-/p-locate-5.0.0.tgz 0ms (cache hit)
216 http cache own-keys@https://registry.npmjs.org/own-keys/-/own-keys-1.0.1.tgz 0ms (cache hit)
217 http cache optionator@https://registry.npmjs.org/optionator/-/optionator-0.9.4.tgz 0ms (cache hit)
218 http cache object.groupby@https://registry.npmjs.org/object.groupby/-/object.groupby-1.0.3.tgz 0ms (cache hit)
219 http cache object.values@https://registry.npmjs.org/object.values/-/object.values-1.2.1.tgz 0ms (cache hit)
220 http cache object.entries@https://registry.npmjs.org/object.entries/-/object.entries-1.1.9.tgz 0ms (cache hit)
221 http cache object.fromentries@https://registry.npmjs.org/object.fromentries/-/object.fromentries-2.0.8.tgz 1ms (cache hit)
222 http cache p-limit@https://registry.npmjs.org/p-limit/-/p-limit-3.1.0.tgz 0ms (cache hit)
223 http cache object-keys@https://registry.npmjs.org/object-keys/-/object-keys-1.1.1.tgz 0ms (cache hit)
224 http cache next-intl@https://registry.npmjs.org/next-intl/-/next-intl-4.3.5.tgz 0ms (cache hit)
225 http cache object.assign@https://registry.npmjs.org/object.assign/-/object.assign-4.1.7.tgz 0ms (cache hit)
226 http cache negotiator@https://registry.npmjs.org/negotiator/-/negotiator-1.0.0.tgz 0ms (cache hit)
227 http cache object-assign@https://registry.npmjs.org/object-assign/-/object-assign-4.1.1.tgz 0ms (cache hit)
228 http cache natural-compare@https://registry.npmjs.org/natural-compare/-/natural-compare-1.4.0.tgz 0ms (cache hit)
229 http cache next@https://registry.npmjs.org/next/-/next-15.5.2.tgz 0ms (cache hit)
230 http cache minimist@https://registry.npmjs.org/minimist/-/minimist-1.2.8.tgz 0ms (cache hit)
231 http cache nanoid@https://registry.npmjs.org/nanoid/-/nanoid-3.3.11.tgz 0ms (cache hit)
232 http cache ms@https://registry.npmjs.org/ms/-/ms-2.1.3.tgz 0ms (cache hit)
233 http cache micromatch@https://registry.npmjs.org/micromatch/-/micromatch-4.0.8.tgz 0ms (cache hit)
234 http cache minimatch@https://registry.npmjs.org/minimatch/-/minimatch-3.1.2.tgz 0ms (cache hit)
235 http cache micromark-util-symbol@https://registry.npmjs.org/micromark-util-symbol/-/micromark-util-symbol-2.0.1.tgz 0ms (cache hit)
236 http cache object-inspect@https://registry.npmjs.org/object-inspect/-/object-inspect-1.13.4.tgz 0ms (cache hit)
237 http cache napi-postinstall@https://registry.npmjs.org/napi-postinstall/-/napi-postinstall-0.3.3.tgz 0ms (cache hit)
238 http cache micromark-util-subtokenize@https://registry.npmjs.org/micromark-util-subtokenize/-/micromark-util-subtokenize-2.1.0.tgz 0ms (cache hit)
239 http cache micromark-util-resolve-all@https://registry.npmjs.org/micromark-util-resolve-all/-/micromark-util-resolve-all-2.0.1.tgz 0ms (cache hit)
240 http cache micromark-util-normalize-identifier@https://registry.npmjs.org/micromark-util-normalize-identifier/-/micromark-util-normalize-identifier-2.0.1.tgz 0ms (cache hit)
241 http cache micromark-util-types@https://registry.npmjs.org/micromark-util-types/-/micromark-util-types-2.0.2.tgz 0ms (cache hit)
242 http cache micromark-util-encode@https://registry.npmjs.org/micromark-util-encode/-/micromark-util-encode-2.0.1.tgz 0ms (cache hit)
243 http cache micromark-util-html-tag-name@https://registry.npmjs.org/micromark-util-html-tag-name/-/micromark-util-html-tag-name-2.0.1.tgz 0ms (cache hit)
244 http cache micromark-util-sanitize-uri@https://registry.npmjs.org/micromark-util-sanitize-uri/-/micromark-util-sanitize-uri-2.0.1.tgz 0ms (cache hit)
245 http cache micromark-util-decode-string@https://registry.npmjs.org/micromark-util-decode-string/-/micromark-util-decode-string-2.0.1.tgz 0ms (cache hit)
246 http cache micromark-util-chunked@https://registry.npmjs.org/micromark-util-chunked/-/micromark-util-chunked-2.0.1.tgz 0ms (cache hit)
247 http cache micromark-util-combine-extensions@https://registry.npmjs.org/micromark-util-combine-extensions/-/micromark-util-combine-extensions-2.0.1.tgz 0ms (cache hit)
248 http cache micromark-util-decode-numeric-character-reference@https://registry.npmjs.org/micromark-util-decode-numeric-character-reference/-/micromark-util-decode-numeric-character-reference-2.0.2.tgz 0ms (cache hit)
249 http cache micromark-util-character@https://registry.npmjs.org/micromark-util-character/-/micromark-util-character-2.1.1.tgz 0ms (cache hit)
250 http cache micromark-factory-whitespace@https://registry.npmjs.org/micromark-factory-whitespace/-/micromark-factory-whitespace-2.0.1.tgz 0ms (cache hit)
251 http cache micromark-factory-title@https://registry.npmjs.org/micromark-factory-title/-/micromark-factory-title-2.0.1.tgz 0ms (cache hit)
252 http cache micromark-factory-space@https://registry.npmjs.org/micromark-factory-space/-/micromark-factory-space-2.0.1.tgz 0ms (cache hit)
253 http cache micromark-factory-label@https://registry.npmjs.org/micromark-factory-label/-/micromark-factory-label-2.0.1.tgz 0ms (cache hit)
254 http cache micromark-factory-destination@https://registry.npmjs.org/micromark-factory-destination/-/micromark-factory-destination-2.0.1.tgz 0ms (cache hit)
255 http cache micromark-extension-gfm-task-list-item@https://registry.npmjs.org/micromark-extension-gfm-task-list-item/-/micromark-extension-gfm-task-list-item-2.1.0.tgz 0ms (cache hit)
256 http cache micromark-util-classify-character@https://registry.npmjs.org/micromark-util-classify-character/-/micromark-util-classify-character-2.0.1.tgz 0ms (cache hit)
257 http cache micromark-extension-gfm-table@https://registry.npmjs.org/micromark-extension-gfm-table/-/micromark-extension-gfm-table-2.1.1.tgz 0ms (cache hit)
258 http cache micromark-extension-gfm-footnote@https://registry.npmjs.org/micromark-extension-gfm-footnote/-/micromark-extension-gfm-footnote-2.1.0.tgz 0ms (cache hit)
259 http cache micromark-extension-gfm@https://registry.npmjs.org/micromark-extension-gfm/-/micromark-extension-gfm-3.0.0.tgz 0ms (cache hit)
260 http cache micromark-extension-gfm-autolink-literal@https://registry.npmjs.org/micromark-extension-gfm-autolink-literal/-/micromark-extension-gfm-autolink-literal-2.1.0.tgz 0ms (cache hit)
261 http cache micromark-extension-gfm-strikethrough@https://registry.npmjs.org/micromark-extension-gfm-strikethrough/-/micromark-extension-gfm-strikethrough-2.1.0.tgz 0ms (cache hit)
262 http cache micromark-core-commonmark@https://registry.npmjs.org/micromark-core-commonmark/-/micromark-core-commonmark-2.0.3.tgz 0ms (cache hit)
263 http cache micromark@https://registry.npmjs.org/micromark/-/micromark-4.0.2.tgz 0ms (cache hit)
264 http cache merge2@https://registry.npmjs.org/merge2/-/merge2-1.4.1.tgz 0ms (cache hit)
265 http cache micromark-extension-gfm-tagfilter@https://registry.npmjs.org/micromark-extension-gfm-tagfilter/-/micromark-extension-gfm-tagfilter-2.0.0.tgz 0ms (cache hit)
266 http cache mdast-util-to-string@https://registry.npmjs.org/mdast-util-to-string/-/mdast-util-to-string-4.0.0.tgz 0ms (cache hit)
267 http cache mdast-util-to-markdown@https://registry.npmjs.org/mdast-util-to-markdown/-/mdast-util-to-markdown-2.1.2.tgz 0ms (cache hit)
268 http cache mdast-util-to-hast@https://registry.npmjs.org/mdast-util-to-hast/-/mdast-util-to-hast-13.2.0.tgz 0ms (cache hit)
269 http cache mdast-util-phrasing@https://registry.npmjs.org/mdast-util-phrasing/-/mdast-util-phrasing-4.1.0.tgz 0ms (cache hit)
270 http cache mdast-util-mdxjs-esm@https://registry.npmjs.org/mdast-util-mdxjs-esm/-/mdast-util-mdxjs-esm-2.0.1.tgz 0ms (cache hit)
271 http cache mdast-util-mdx-expression@https://registry.npmjs.org/mdast-util-mdx-expression/-/mdast-util-mdx-expression-2.0.1.tgz 0ms (cache hit)
272 http cache mdast-util-mdx-jsx@https://registry.npmjs.org/mdast-util-mdx-jsx/-/mdast-util-mdx-jsx-3.2.0.tgz 0ms (cache hit)
273 http cache mdast-util-gfm-task-list-item@https://registry.npmjs.org/mdast-util-gfm-task-list-item/-/mdast-util-gfm-task-list-item-2.0.0.tgz 0ms (cache hit)
274 http cache mdast-util-gfm-table@https://registry.npmjs.org/mdast-util-gfm-table/-/mdast-util-gfm-table-2.0.0.tgz 0ms (cache hit)
275 http cache mdast-util-gfm-footnote@https://registry.npmjs.org/mdast-util-gfm-footnote/-/mdast-util-gfm-footnote-2.1.0.tgz 0ms (cache hit)
276 http cache mdast-util-gfm-strikethrough@https://registry.npmjs.org/mdast-util-gfm-strikethrough/-/mdast-util-gfm-strikethrough-2.0.0.tgz 0ms (cache hit)
277 http cache mdast-util-gfm-autolink-literal@https://registry.npmjs.org/mdast-util-gfm-autolink-literal/-/mdast-util-gfm-autolink-literal-2.0.1.tgz 0ms (cache hit)
278 http cache mdast-util-gfm@https://registry.npmjs.org/mdast-util-gfm/-/mdast-util-gfm-3.1.0.tgz 0ms (cache hit)
279 http cache mdast-util-from-markdown@https://registry.npmjs.org/mdast-util-from-markdown/-/mdast-util-from-markdown-2.0.2.tgz 0ms (cache hit)
280 http cache mdast-util-find-and-replace@https://registry.npmjs.org/mdast-util-find-and-replace/-/mdast-util-find-and-replace-3.0.2.tgz 0ms (cache hit)
281 http cache markdown-table@https://registry.npmjs.org/markdown-table/-/markdown-table-3.0.4.tgz 0ms (cache hit)
282 http cache loose-envify@https://registry.npmjs.org/loose-envify/-/loose-envify-1.4.0.tgz 0ms (cache hit)
283 http cache longest-streak@https://registry.npmjs.org/longest-streak/-/longest-streak-3.1.0.tgz 0ms (cache hit)
284 http cache lodash.merge@https://registry.npmjs.org/lodash.merge/-/lodash.merge-4.6.2.tgz 0ms (cache hit)
285 http cache locate-path@https://registry.npmjs.org/locate-path/-/locate-path-6.0.0.tgz 0ms (cache hit)
286 http cache language-tags@https://registry.npmjs.org/language-tags/-/language-tags-1.0.9.tgz 0ms (cache hit)
287 http cache levn@https://registry.npmjs.org/levn/-/levn-0.4.1.tgz 0ms (cache hit)
288 http cache language-subtag-registry@https://registry.npmjs.org/language-subtag-registry/-/language-subtag-registry-0.3.23.tgz 0ms (cache hit)
289 http cache math-intrinsics@https://registry.npmjs.org/math-intrinsics/-/math-intrinsics-1.1.0.tgz 0ms (cache hit)
290 http cache keyv@https://registry.npmjs.org/keyv/-/keyv-4.5.4.tgz 0ms (cache hit)
291 http cache json5@https://registry.npmjs.org/json5/-/json5-1.0.2.tgz 0ms (cache hit)
292 http cache json-stable-stringify-without-jsonify@https://registry.npmjs.org/json-stable-stringify-without-jsonify/-/json-stable-stringify-without-jsonify-1.0.1.tgz 0ms (cache hit)
293 http cache json-schema-traverse@https://registry.npmjs.org/json-schema-traverse/-/json-schema-traverse-0.4.1.tgz 0ms (cache hit)
294 http cache jsx-ast-utils@https://registry.npmjs.org/jsx-ast-utils/-/jsx-ast-utils-3.3.5.tgz 0ms (cache hit)
295 http cache json-buffer@https://registry.npmjs.org/json-buffer/-/json-buffer-3.0.1.tgz 0ms (cache hit)
296 http cache js-yaml@https://registry.npmjs.org/js-yaml/-/js-yaml-4.1.0.tgz 0ms (cache hit)
297 http cache js-tokens@https://registry.npmjs.org/js-tokens/-/js-tokens-4.0.0.tgz 0ms (cache hit)
298 http cache iterator.prototype@https://registry.npmjs.org/iterator.prototype/-/iterator.prototype-1.1.5.tgz 0ms (cache hit)
299 http cache jiti@https://registry.npmjs.org/jiti/-/jiti-2.5.1.tgz 0ms (cache hit)
300 http cache isarray@https://registry.npmjs.org/isarray/-/isarray-2.0.5.tgz 0ms (cache hit)
301 http cache is-weakref@https://registry.npmjs.org/is-weakref/-/is-weakref-1.1.1.tgz 0ms (cache hit)
302 http cache is-weakmap@https://registry.npmjs.org/is-weakmap/-/is-weakmap-2.0.2.tgz 0ms (cache hit)
303 http cache is-weakset@https://registry.npmjs.org/is-weakset/-/is-weakset-2.0.4.tgz 0ms (cache hit)
304 http cache is-typed-array@https://registry.npmjs.org/is-typed-array/-/is-typed-array-1.1.15.tgz 0ms (cache hit)
305 http cache is-symbol@https://registry.npmjs.org/is-symbol/-/is-symbol-1.1.1.tgz 0ms (cache hit)
306 http cache is-string@https://registry.npmjs.org/is-string/-/is-string-1.1.1.tgz 0ms (cache hit)
307 http cache is-set@https://registry.npmjs.org/is-set/-/is-set-2.0.3.tgz 0ms (cache hit)
308 http cache is-shared-array-buffer@https://registry.npmjs.org/is-shared-array-buffer/-/is-shared-array-buffer-1.0.4.tgz 0ms (cache hit)
309 http cache is-regex@https://registry.npmjs.org/is-regex/-/is-regex-1.2.1.tgz 0ms (cache hit)
310 http cache is-plain-obj@https://registry.npmjs.org/is-plain-obj/-/is-plain-obj-4.1.0.tgz 0ms (cache hit)
311 http cache is-number-object@https://registry.npmjs.org/is-number-object/-/is-number-object-1.1.1.tgz 0ms (cache hit)
312 http cache is-number@https://registry.npmjs.org/is-number/-/is-number-7.0.0.tgz 0ms (cache hit)
313 http cache isexe@https://registry.npmjs.org/isexe/-/isexe-2.0.0.tgz 0ms (cache hit)
314 http cache is-map@https://registry.npmjs.org/is-map/-/is-map-2.0.3.tgz 0ms (cache hit)
315 http cache is-hexadecimal@https://registry.npmjs.org/is-hexadecimal/-/is-hexadecimal-2.0.1.tgz 0ms (cache hit)
316 http cache is-glob@https://registry.npmjs.org/is-glob/-/is-glob-4.0.3.tgz 0ms (cache hit)
317 http cache is-finalizationregistry@https://registry.npmjs.org/is-finalizationregistry/-/is-finalizationregistry-1.1.1.tgz 0ms (cache hit)
318 http cache is-generator-function@https://registry.npmjs.org/is-generator-function/-/is-generator-function-1.1.0.tgz 0ms (cache hit)
319 http cache is-negative-zero@https://registry.npmjs.org/is-negative-zero/-/is-negative-zero-2.0.3.tgz 0ms (cache hit)
320 http cache is-decimal@https://registry.npmjs.org/is-decimal/-/is-decimal-2.0.1.tgz 0ms (cache hit)
321 http cache is-extglob@https://registry.npmjs.org/is-extglob/-/is-extglob-2.1.1.tgz 0ms (cache hit)
322 http cache is-date-object@https://registry.npmjs.org/is-date-object/-/is-date-object-1.1.0.tgz 0ms (cache hit)
323 http cache is-callable@https://registry.npmjs.org/is-callable/-/is-callable-1.2.7.tgz 0ms (cache hit)
324 http cache is-data-view@https://registry.npmjs.org/is-data-view/-/is-data-view-1.0.2.tgz 0ms (cache hit)
325 http cache is-boolean-object@https://registry.npmjs.org/is-boolean-object/-/is-boolean-object-1.2.2.tgz 0ms (cache hit)
326 http cache is-bigint@https://registry.npmjs.org/is-bigint/-/is-bigint-1.1.0.tgz 0ms (cache hit)
327 http cache is-bun-module@https://registry.npmjs.org/is-bun-module/-/is-bun-module-2.0.0.tgz 0ms (cache hit)
328 http cache is-core-module@https://registry.npmjs.org/is-core-module/-/is-core-module-2.16.1.tgz 0ms (cache hit)
329 http cache is-arrayish@https://registry.npmjs.org/is-arrayish/-/is-arrayish-0.3.2.tgz 0ms (cache hit)
330 http cache is-alphanumerical@https://registry.npmjs.org/is-alphanumerical/-/is-alphanumerical-2.0.1.tgz 0ms (cache hit)
331 http cache intl-messageformat@https://registry.npmjs.org/intl-messageformat/-/intl-messageformat-10.7.16.tgz 0ms (cache hit)
332 http cache internal-slot@https://registry.npmjs.org/internal-slot/-/internal-slot-1.1.0.tgz 0ms (cache hit)
333 http cache is-async-function@https://registry.npmjs.org/is-async-function/-/is-async-function-2.1.1.tgz 0ms (cache hit)
334 http cache inline-style-parser@https://registry.npmjs.org/inline-style-parser/-/inline-style-parser-0.2.4.tgz 0ms (cache hit)
335 http cache is-alphabetical@https://registry.npmjs.org/is-alphabetical/-/is-alphabetical-2.0.1.tgz 0ms (cache hit)
336 http cache is-array-buffer@https://registry.npmjs.org/is-array-buffer/-/is-array-buffer-3.0.5.tgz 0ms (cache hit)
337 http cache ignore@https://registry.npmjs.org/ignore/-/ignore-5.3.2.tgz 0ms (cache hit)
338 http cache imurmurhash@https://registry.npmjs.org/imurmurhash/-/imurmurhash-0.1.4.tgz 0ms (cache hit)
339 http cache html-void-elements@https://registry.npmjs.org/html-void-elements/-/html-void-elements-3.0.0.tgz 0ms (cache hit)
340 http cache import-fresh@https://registry.npmjs.org/import-fresh/-/import-fresh-3.3.1.tgz 0ms (cache hit)
341 http cache hast-util-whitespace@https://registry.npmjs.org/hast-util-whitespace/-/hast-util-whitespace-3.0.0.tgz 0ms (cache hit)
342 http cache hast-util-to-jsx-runtime@https://registry.npmjs.org/hast-util-to-jsx-runtime/-/hast-util-to-jsx-runtime-2.3.6.tgz 0ms (cache hit)
343 http cache hast-util-to-parse5@https://registry.npmjs.org/hast-util-to-parse5/-/hast-util-to-parse5-8.0.0.tgz 0ms (cache hit)
344 http cache hast-util-sanitize@https://registry.npmjs.org/hast-util-sanitize/-/hast-util-sanitize-5.0.2.tgz 0ms (cache hit)
345 http cache hast-util-raw@https://registry.npmjs.org/hast-util-raw/-/hast-util-raw-9.1.0.tgz 0ms (cache hit)
346 http cache hast-util-parse-selector@https://registry.npmjs.org/hast-util-parse-selector/-/hast-util-parse-selector-4.0.0.tgz 0ms (cache hit)
347 http cache hastscript@https://registry.npmjs.org/hastscript/-/hastscript-9.0.1.tgz 0ms (cache hit)
348 http cache hast-util-from-parse5@https://registry.npmjs.org/hast-util-from-parse5/-/hast-util-from-parse5-8.0.3.tgz 0ms (cache hit)
349 http cache hasown@https://registry.npmjs.org/hasown/-/hasown-2.0.2.tgz 0ms (cache hit)
350 http cache has-tostringtag@https://registry.npmjs.org/has-tostringtag/-/has-tostringtag-1.0.2.tgz 0ms (cache hit)
351 http cache has-property-descriptors@https://registry.npmjs.org/has-property-descriptors/-/has-property-descriptors-1.0.2.tgz 0ms (cache hit)
352 http cache has-symbols@https://registry.npmjs.org/has-symbols/-/has-symbols-1.1.0.tgz 0ms (cache hit)
353 http cache html-url-attributes@https://registry.npmjs.org/html-url-attributes/-/html-url-attributes-3.0.1.tgz 0ms (cache hit)
354 http cache has-flag@https://registry.npmjs.org/has-flag/-/has-flag-4.0.0.tgz 0ms (cache hit)
355 http cache gopd@https://registry.npmjs.org/gopd/-/gopd-1.2.0.tgz 0ms (cache hit)
356 http cache has-bigints@https://registry.npmjs.org/has-bigints/-/has-bigints-1.1.0.tgz 0ms (cache hit)
357 http cache has-proto@https://registry.npmjs.org/has-proto/-/has-proto-1.2.0.tgz 0ms (cache hit)
358 http cache globalthis@https://registry.npmjs.org/globalthis/-/globalthis-1.0.4.tgz 0ms (cache hit)
359 http cache globals@https://registry.npmjs.org/globals/-/globals-14.0.0.tgz 0ms (cache hit)
360 http cache glob-parent@https://registry.npmjs.org/glob-parent/-/glob-parent-6.0.2.tgz 0ms (cache hit)
361 http cache graphemer@https://registry.npmjs.org/graphemer/-/graphemer-1.4.0.tgz 0ms (cache hit)
362 http cache get-intrinsic@https://registry.npmjs.org/get-intrinsic/-/get-intrinsic-1.3.0.tgz 0ms (cache hit)
363 http cache get-proto@https://registry.npmjs.org/get-proto/-/get-proto-1.0.1.tgz 0ms (cache hit)
364 http cache get-tsconfig@https://registry.npmjs.org/get-tsconfig/-/get-tsconfig-4.10.1.tgz 0ms (cache hit)
365 http cache functions-have-names@https://registry.npmjs.org/functions-have-names/-/functions-have-names-1.2.3.tgz 0ms (cache hit)
366 http cache get-symbol-description@https://registry.npmjs.org/get-symbol-description/-/get-symbol-description-1.1.0.tgz 0ms (cache hit)
367 http cache function.prototype.name@https://registry.npmjs.org/function.prototype.name/-/function.prototype.name-1.1.8.tgz 0ms (cache hit)
368 http cache function-bind@https://registry.npmjs.org/function-bind/-/function-bind-1.1.2.tgz 0ms (cache hit)
369 http cache for-each@https://registry.npmjs.org/for-each/-/for-each-0.3.5.tgz 0ms (cache hit)
370 http cache flatted@https://registry.npmjs.org/flatted/-/flatted-3.3.3.tgz 0ms (cache hit)
371 http cache file-entry-cache@https://registry.npmjs.org/file-entry-cache/-/file-entry-cache-8.0.0.tgz 0ms (cache hit)
372 http cache find-up@https://registry.npmjs.org/find-up/-/find-up-5.0.0.tgz 0ms (cache hit)
373 http cache fastq@https://registry.npmjs.org/fastq/-/fastq-1.19.1.tgz 0ms (cache hit)
374 http cache flat-cache@https://registry.npmjs.org/flat-cache/-/flat-cache-4.0.1.tgz 0ms (cache hit)
375 http cache fast-json-stable-stringify@https://registry.npmjs.org/fast-json-stable-stringify/-/fast-json-stable-stringify-2.1.0.tgz 0ms (cache hit)
376 http cache fast-glob@https://registry.npmjs.org/fast-glob/-/fast-glob-3.3.1.tgz 0ms (cache hit)
377 http cache fill-range@https://registry.npmjs.org/fill-range/-/fill-range-7.1.1.tgz 0ms (cache hit)
378 http cache fast-deep-equal@https://registry.npmjs.org/fast-deep-equal/-/fast-deep-equal-3.1.3.tgz 0ms (cache hit)
379 http cache extend@https://registry.npmjs.org/extend/-/extend-3.0.2.tgz 0ms (cache hit)
380 http cache esutils@https://registry.npmjs.org/esutils/-/esutils-2.0.3.tgz 0ms (cache hit)
381 http cache estree-util-is-identifier-name@https://registry.npmjs.org/estree-util-is-identifier-name/-/estree-util-is-identifier-name-3.0.0.tgz 0ms (cache hit)
382 http cache fast-levenshtein@https://registry.npmjs.org/fast-levenshtein/-/fast-levenshtein-2.0.6.tgz 0ms (cache hit)
383 http cache estraverse@https://registry.npmjs.org/estraverse/-/estraverse-5.3.0.tgz 0ms (cache hit)
384 http cache espree@https://registry.npmjs.org/espree/-/espree-10.4.0.tgz 0ms (cache hit)
385 http cache esrecurse@https://registry.npmjs.org/esrecurse/-/esrecurse-4.3.0.tgz 0ms (cache hit)
386 http cache esquery@https://registry.npmjs.org/esquery/-/esquery-1.6.0.tgz 0ms (cache hit)
387 http cache eslint-scope@https://registry.npmjs.org/eslint-scope/-/eslint-scope-8.4.0.tgz 0ms (cache hit)
388 http cache eslint-plugin-react-hooks@https://registry.npmjs.org/eslint-plugin-react-hooks/-/eslint-plugin-react-hooks-5.2.0.tgz 0ms (cache hit)
389 http cache eslint-plugin-jsx-a11y@https://registry.npmjs.org/eslint-plugin-jsx-a11y/-/eslint-plugin-jsx-a11y-6.10.2.tgz 0ms (cache hit)
390 http cache eslint-visitor-keys@https://registry.npmjs.org/eslint-visitor-keys/-/eslint-visitor-keys-4.2.1.tgz 0ms (cache hit)
391 http cache eslint-plugin-import@https://registry.npmjs.org/eslint-plugin-import/-/eslint-plugin-import-2.32.0.tgz 0ms (cache hit)
392 http cache eslint-import-resolver-typescript@https://registry.npmjs.org/eslint-import-resolver-typescript/-/eslint-import-resolver-typescript-3.10.1.tgz 0ms (cache hit)
393 http cache eslint-config-next@https://registry.npmjs.org/eslint-config-next/-/eslint-config-next-15.5.2.tgz 0ms (cache hit)
394 http cache eslint-import-resolver-node@https://registry.npmjs.org/eslint-import-resolver-node/-/eslint-import-resolver-node-0.3.9.tgz 0ms (cache hit)
395 http cache eslint-module-utils@https://registry.npmjs.org/eslint-module-utils/-/eslint-module-utils-2.12.1.tgz 0ms (cache hit)
396 http cache escape-string-regexp@https://registry.npmjs.org/escape-string-regexp/-/escape-string-regexp-4.0.0.tgz 0ms (cache hit)
397 http cache es-shim-unscopables@https://registry.npmjs.org/es-shim-unscopables/-/es-shim-unscopables-1.1.0.tgz 0ms (cache hit)
398 http cache es-to-primitive@https://registry.npmjs.org/es-to-primitive/-/es-to-primitive-1.3.0.tgz 0ms (cache hit)
399 http cache eslint-plugin-react@https://registry.npmjs.org/eslint-plugin-react/-/eslint-plugin-react-7.37.5.tgz 0ms (cache hit)
400 http cache eslint@https://registry.npmjs.org/eslint/-/eslint-9.34.0.tgz 0ms (cache hit)
401 http cache es-iterator-helpers@https://registry.npmjs.org/es-iterator-helpers/-/es-iterator-helpers-1.2.1.tgz 0ms (cache hit)
402 http cache es-object-atoms@https://registry.npmjs.org/es-object-atoms/-/es-object-atoms-1.1.1.tgz 0ms (cache hit)
403 http cache es-errors@https://registry.npmjs.org/es-errors/-/es-errors-1.3.0.tgz 0ms (cache hit)
404 http cache es-abstract@https://registry.npmjs.org/es-abstract/-/es-abstract-1.24.0.tgz 0ms (cache hit)
405 http cache emoji-regex@https://registry.npmjs.org/emoji-regex/-/emoji-regex-9.2.2.tgz 0ms (cache hit)
406 http cache es-define-property@https://registry.npmjs.org/es-define-property/-/es-define-property-1.0.1.tgz 0ms (cache hit)
407 http cache dunder-proto@https://registry.npmjs.org/dunder-proto/-/dunder-proto-1.0.1.tgz 0ms (cache hit)
408 http cache entities@https://registry.npmjs.org/entities/-/entities-6.0.1.tgz 0ms (cache hit)
409 http cache doctrine@https://registry.npmjs.org/doctrine/-/doctrine-2.1.0.tgz 0ms (cache hit)
410 http cache es-set-tostringtag@https://registry.npmjs.org/es-set-tostringtag/-/es-set-tostringtag-2.1.0.tgz 0ms (cache hit)
411 http cache devlop@https://registry.npmjs.org/devlop/-/devlop-1.1.0.tgz 0ms (cache hit)
412 http cache detect-libc@https://registry.npmjs.org/detect-libc/-/detect-libc-2.0.4.tgz 0ms (cache hit)
413 http cache dequal@https://registry.npmjs.org/dequal/-/dequal-2.0.3.tgz 0ms (cache hit)
414 http cache define-properties@https://registry.npmjs.org/define-properties/-/define-properties-1.2.1.tgz 0ms (cache hit)
415 http cache decimal.js@https://registry.npmjs.org/decimal.js/-/decimal.js-10.6.0.tgz 0ms (cache hit)
416 http cache decode-named-character-reference@https://registry.npmjs.org/decode-named-character-reference/-/decode-named-character-reference-1.2.0.tgz 0ms (cache hit)
417 http cache debug@https://registry.npmjs.org/debug/-/debug-4.4.1.tgz 0ms (cache hit)
418 http cache data-view-byte-offset@https://registry.npmjs.org/data-view-byte-offset/-/data-view-byte-offset-1.0.1.tgz 0ms (cache hit)
419 http cache define-data-property@https://registry.npmjs.org/define-data-property/-/define-data-property-1.1.4.tgz 0ms (cache hit)
420 http cache data-view-buffer@https://registry.npmjs.org/data-view-buffer/-/data-view-buffer-1.0.2.tgz 0ms (cache hit)
421 http cache damerau-levenshtein@https://registry.npmjs.org/damerau-levenshtein/-/damerau-levenshtein-1.0.8.tgz 0ms (cache hit)
422 http cache csstype@https://registry.npmjs.org/csstype/-/csstype-3.1.3.tgz 0ms (cache hit)
423 http cache data-view-byte-length@https://registry.npmjs.org/data-view-byte-length/-/data-view-byte-length-1.0.2.tgz 0ms (cache hit)
424 http cache deep-is@https://registry.npmjs.org/deep-is/-/deep-is-0.1.4.tgz 0ms (cache hit)
425 http cache concat-map@https://registry.npmjs.org/concat-map/-/concat-map-0.0.1.tgz 0ms (cache hit)
426 http cache comma-separated-tokens@https://registry.npmjs.org/comma-separated-tokens/-/comma-separated-tokens-2.0.3.tgz 0ms (cache hit)
427 http cache cross-spawn@https://registry.npmjs.org/cross-spawn/-/cross-spawn-7.0.6.tgz 0ms (cache hit)
428 http cache color-name@https://registry.npmjs.org/color-name/-/color-name-1.1.4.tgz 0ms (cache hit)
429 http cache color-string@https://registry.npmjs.org/color-string/-/color-string-1.9.1.tgz 0ms (cache hit)
430 http cache color@https://registry.npmjs.org/color/-/color-4.2.3.tgz 0ms (cache hit)
431 http cache client-only@https://registry.npmjs.org/client-only/-/client-only-0.0.1.tgz 0ms (cache hit)
432 http cache color-convert@https://registry.npmjs.org/color-convert/-/color-convert-2.0.1.tgz 0ms (cache hit)
433 http cache character-reference-invalid@https://registry.npmjs.org/character-reference-invalid/-/character-reference-invalid-2.0.1.tgz 0ms (cache hit)
434 http cache character-entities-html4@https://registry.npmjs.org/character-entities-html4/-/character-entities-html4-2.1.0.tgz 0ms (cache hit)
435 http cache character-entities-legacy@https://registry.npmjs.org/character-entities-legacy/-/character-entities-legacy-3.0.0.tgz 0ms (cache hit)
436 http cache chalk@https://registry.npmjs.org/chalk/-/chalk-4.1.2.tgz 0ms (cache hit)
437 http cache ccount@https://registry.npmjs.org/ccount/-/ccount-2.0.1.tgz 0ms (cache hit)
438 http cache caniuse-lite@https://registry.npmjs.org/caniuse-lite/-/caniuse-lite-1.0.30001739.tgz 0ms (cache hit)
439 http cache callsites@https://registry.npmjs.org/callsites/-/callsites-3.1.0.tgz 0ms (cache hit)
440 http cache call-bind@https://registry.npmjs.org/call-bind/-/call-bind-1.0.8.tgz 0ms (cache hit)
441 http cache call-bound@https://registry.npmjs.org/call-bound/-/call-bound-1.0.4.tgz 0ms (cache hit)
442 http cache brace-expansion@https://registry.npmjs.org/brace-expansion/-/brace-expansion-1.1.12.tgz 0ms (cache hit)
443 http cache character-entities@https://registry.npmjs.org/character-entities/-/character-entities-2.0.2.tgz 0ms (cache hit)
444 http cache balanced-match@https://registry.npmjs.org/balanced-match/-/balanced-match-1.0.2.tgz 0ms (cache hit)
445 http cache braces@https://registry.npmjs.org/braces/-/braces-3.0.3.tgz 0ms (cache hit)
446 http cache axobject-query@https://registry.npmjs.org/axobject-query/-/axobject-query-4.1.0.tgz 0ms (cache hit)
447 http cache bail@https://registry.npmjs.org/bail/-/bail-2.0.2.tgz 0ms (cache hit)
448 http cache call-bind-apply-helpers@https://registry.npmjs.org/call-bind-apply-helpers/-/call-bind-apply-helpers-1.0.2.tgz 0ms (cache hit)
449 http cache available-typed-arrays@https://registry.npmjs.org/available-typed-arrays/-/available-typed-arrays-1.0.7.tgz 0ms (cache hit)
450 http cache axe-core@https://registry.npmjs.org/axe-core/-/axe-core-4.10.3.tgz 0ms (cache hit)
451 http cache async-function@https://registry.npmjs.org/async-function/-/async-function-1.0.0.tgz 0ms (cache hit)
452 http cache array.prototype.tosorted@https://registry.npmjs.org/array.prototype.tosorted/-/array.prototype.tosorted-1.1.4.tgz 0ms (cache hit)
453 http cache arraybuffer.prototype.slice@https://registry.npmjs.org/arraybuffer.prototype.slice/-/arraybuffer.prototype.slice-1.0.4.tgz 0ms (cache hit)
454 http cache array.prototype.flatmap@https://registry.npmjs.org/array.prototype.flatmap/-/array.prototype.flatmap-1.3.3.tgz 0ms (cache hit)
455 http cache ast-types-flow@https://registry.npmjs.org/ast-types-flow/-/ast-types-flow-0.0.8.tgz 0ms (cache hit)
456 http cache array.prototype.flat@https://registry.npmjs.org/array.prototype.flat/-/array.prototype.flat-1.3.3.tgz 0ms (cache hit)
457 http cache array.prototype.findlastindex@https://registry.npmjs.org/array.prototype.findlastindex/-/array.prototype.findlastindex-1.2.6.tgz 0ms (cache hit)
458 http cache array-buffer-byte-length@https://registry.npmjs.org/array-buffer-byte-length/-/array-buffer-byte-length-1.0.2.tgz 0ms (cache hit)
459 http cache array.prototype.findlast@https://registry.npmjs.org/array.prototype.findlast/-/array.prototype.findlast-1.2.5.tgz 0ms (cache hit)
460 http cache aria-query@https://registry.npmjs.org/aria-query/-/aria-query-5.3.2.tgz 0ms (cache hit)
461 http cache array-includes@https://registry.npmjs.org/array-includes/-/array-includes-3.1.9.tgz 0ms (cache hit)
462 http cache ajv@https://registry.npmjs.org/ajv/-/ajv-6.12.6.tgz 0ms (cache hit)
463 http cache acorn-jsx@https://registry.npmjs.org/acorn-jsx/-/acorn-jsx-5.3.2.tgz 0ms (cache hit)
464 http cache acorn@https://registry.npmjs.org/acorn/-/acorn-8.15.0.tgz 0ms (cache hit)
465 http cache argparse@https://registry.npmjs.org/argparse/-/argparse-2.0.1.tgz 0ms (cache hit)
466 http cache ansi-styles@https://registry.npmjs.org/ansi-styles/-/ansi-styles-4.3.0.tgz 0ms (cache hit)
467 http cache @unrs/resolver-binding-darwin-arm64@https://registry.npmjs.org/@unrs/resolver-binding-darwin-arm64/-/resolver-binding-darwin-arm64-1.11.1.tgz 0ms (cache hit)
468 http cache @ungap/structured-clone@https://registry.npmjs.org/@ungap/structured-clone/-/structured-clone-1.3.0.tgz 0ms (cache hit)
469 http cache @typescript-eslint/utils@https://registry.npmjs.org/@typescript-eslint/utils/-/utils-8.42.0.tgz 0ms (cache hit)
470 http cache @typescript-eslint/typescript-estree@https://registry.npmjs.org/@typescript-eslint/typescript-estree/-/typescript-estree-8.42.0.tgz 0ms (cache hit)
471 http cache @typescript-eslint/types@https://registry.npmjs.org/@typescript-eslint/types/-/types-8.42.0.tgz 0ms (cache hit)
472 http cache @typescript-eslint/tsconfig-utils@https://registry.npmjs.org/@typescript-eslint/tsconfig-utils/-/tsconfig-utils-8.42.0.tgz 0ms (cache hit)
473 http cache @typescript-eslint/scope-manager@https://registry.npmjs.org/@typescript-eslint/scope-manager/-/scope-manager-8.42.0.tgz 0ms (cache hit)
474 http cache @typescript-eslint/project-service@https://registry.npmjs.org/@typescript-eslint/project-service/-/project-service-8.42.0.tgz 0ms (cache hit)
475 http cache @typescript-eslint/visitor-keys@https://registry.npmjs.org/@typescript-eslint/visitor-keys/-/visitor-keys-8.42.0.tgz 0ms (cache hit)
476 http cache @typescript-eslint/type-utils@https://registry.npmjs.org/@typescript-eslint/type-utils/-/type-utils-8.42.0.tgz 0ms (cache hit)
477 http cache @typescript-eslint/parser@https://registry.npmjs.org/@typescript-eslint/parser/-/parser-8.42.0.tgz 0ms (cache hit)
478 http cache @typescript-eslint/eslint-plugin@https://registry.npmjs.org/@typescript-eslint/eslint-plugin/-/eslint-plugin-8.42.0.tgz 0ms (cache hit)
479 http cache @types/react-dom@https://registry.npmjs.org/@types/react-dom/-/react-dom-19.1.9.tgz 0ms (cache hit)
480 http cache @types/react@https://registry.npmjs.org/@types/react/-/react-19.1.12.tgz 0ms (cache hit)
481 http cache @types/node@https://registry.npmjs.org/@types/node/-/node-20.19.11.tgz 0ms (cache hit)
482 http cache @types/mdast@https://registry.npmjs.org/@types/mdast/-/mdast-4.0.4.tgz 0ms (cache hit)
483 http cache @types/json5@https://registry.npmjs.org/@types/json5/-/json5-0.0.29.tgz 0ms (cache hit)
484 http cache @types/json-schema@https://registry.npmjs.org/@types/json-schema/-/json-schema-7.0.15.tgz 0ms (cache hit)
485 http cache @types/hast@https://registry.npmjs.org/@types/hast/-/hast-3.0.4.tgz 0ms (cache hit)
486 http cache @types/ms@https://registry.npmjs.org/@types/ms/-/ms-2.1.0.tgz 0ms (cache hit)
487 http cache @types/estree@https://registry.npmjs.org/@types/estree/-/estree-1.0.8.tgz 0ms (cache hit)
488 http cache @types/estree-jsx@https://registry.npmjs.org/@types/estree-jsx/-/estree-jsx-1.0.5.tgz 0ms (cache hit)
489 http cache @tybys/wasm-util@https://registry.npmjs.org/@tybys/wasm-util/-/wasm-util-0.10.0.tgz 0ms (cache hit)
490 http cache @types/debug@https://registry.npmjs.org/@types/debug/-/debug-4.1.12.tgz 0ms (cache hit)
491 http cache @schummar/icu-type-parser@https://registry.npmjs.org/@schummar/icu-type-parser/-/icu-type-parser-1.21.5.tgz 0ms (cache hit)
492 http cache @swc/helpers@https://registry.npmjs.org/@swc/helpers/-/helpers-0.5.15.tgz 0ms (cache hit)
493 http cache @types/unist@https://registry.npmjs.org/@types/unist/-/unist-3.0.3.tgz 0ms (cache hit)
494 http cache @rushstack/eslint-patch@https://registry.npmjs.org/@rushstack/eslint-patch/-/eslint-patch-1.12.0.tgz 0ms (cache hit)
495 http cache @nodelib/fs.walk@https://registry.npmjs.org/@nodelib/fs.walk/-/fs.walk-1.2.8.tgz 0ms (cache hit)
496 http cache @nolyfill/is-core-module@https://registry.npmjs.org/@nolyfill/is-core-module/-/is-core-module-1.0.39.tgz 0ms (cache hit)
497 http cache @nodelib/fs.stat@https://registry.npmjs.org/@nodelib/fs.stat/-/fs.stat-2.0.5.tgz 0ms (cache hit)
498 http cache @nodelib/fs.scandir@https://registry.npmjs.org/@nodelib/fs.scandir/-/fs.scandir-2.1.5.tgz 0ms (cache hit)
499 http cache @rtsao/scc@https://registry.npmjs.org/@rtsao/scc/-/scc-1.1.0.tgz 0ms (cache hit)
500 http cache @next/swc-darwin-arm64@https://registry.npmjs.org/@next/swc-darwin-arm64/-/swc-darwin-arm64-15.5.2.tgz 0ms (cache hit)
501 http cache @next/eslint-plugin-next@https://registry.npmjs.org/@next/eslint-plugin-next/-/eslint-plugin-next-15.5.2.tgz 0ms (cache hit)
502 http cache @img/sharp-libvips-darwin-arm64@https://registry.npmjs.org/@img/sharp-libvips-darwin-arm64/-/sharp-libvips-darwin-arm64-1.2.0.tgz 0ms (cache hit)
503 http cache @img/sharp-darwin-arm64@https://registry.npmjs.org/@img/sharp-darwin-arm64/-/sharp-darwin-arm64-0.34.3.tgz 0ms (cache hit)
504 http cache @napi-rs/wasm-runtime@https://registry.npmjs.org/@napi-rs/wasm-runtime/-/wasm-runtime-0.2.12.tgz 0ms (cache hit)
505 http cache @humanwhocodes/retry@https://registry.npmjs.org/@humanwhocodes/retry/-/retry-0.4.3.tgz 0ms (cache hit)
506 http cache @humanwhocodes/module-importer@https://registry.npmjs.org/@humanwhocodes/module-importer/-/module-importer-1.0.1.tgz 0ms (cache hit)
507 http cache @next/env@https://registry.npmjs.org/@next/env/-/env-15.5.2.tgz 0ms (cache hit)
508 http cache @humanfs/node@https://registry.npmjs.org/@humanfs/node/-/node-0.16.6.tgz 0ms (cache hit)
509 http cache @humanfs/core@https://registry.npmjs.org/@humanfs/core/-/core-0.19.1.tgz 0ms (cache hit)
510 http cache @formatjs/intl-localematcher@https://registry.npmjs.org/@formatjs/intl-localematcher/-/intl-localematcher-0.5.10.tgz 0ms (cache hit)
511 http cache @formatjs/icu-skeleton-parser@https://registry.npmjs.org/@formatjs/icu-skeleton-parser/-/icu-skeleton-parser-1.8.14.tgz 0ms (cache hit)
512 http cache @formatjs/fast-memoize@https://registry.npmjs.org/@formatjs/fast-memoize/-/fast-memoize-2.2.7.tgz 0ms (cache hit)
513 http cache @formatjs/ecma402-abstract@https://registry.npmjs.org/@formatjs/ecma402-abstract/-/ecma402-abstract-2.3.4.tgz 0ms (cache hit)
514 http cache @formatjs/icu-messageformat-parser@https://registry.npmjs.org/@formatjs/icu-messageformat-parser/-/icu-messageformat-parser-2.11.2.tgz 0ms (cache hit)
515 http cache @eslint/object-schema@https://registry.npmjs.org/@eslint/object-schema/-/object-schema-2.1.6.tgz 0ms (cache hit)
516 http cache @eslint/js@https://registry.npmjs.org/@eslint/js/-/js-9.34.0.tgz 0ms (cache hit)
517 http cache @eslint/core@https://registry.npmjs.org/@eslint/core/-/core-0.15.2.tgz 0ms (cache hit)
518 http cache @eslint/eslintrc@https://registry.npmjs.org/@eslint/eslintrc/-/eslintrc-3.3.1.tgz 0ms (cache hit)
519 http cache @eslint/config-helpers@https://registry.npmjs.org/@eslint/config-helpers/-/config-helpers-0.3.1.tgz 0ms (cache hit)
520 http cache @eslint/config-array@https://registry.npmjs.org/@eslint/config-array/-/config-array-0.21.0.tgz 0ms (cache hit)
521 http cache @eslint-community/regexpp@https://registry.npmjs.org/@eslint-community/regexpp/-/regexpp-4.12.1.tgz 0ms (cache hit)
522 http cache @eslint-community/eslint-utils@https://registry.npmjs.org/@eslint-community/eslint-utils/-/eslint-utils-4.7.0.tgz 0ms (cache hit)
523 http cache @emnapi/wasi-threads@https://registry.npmjs.org/@emnapi/wasi-threads/-/wasi-threads-1.1.0.tgz 0ms (cache hit)
524 http cache @emnapi/runtime@https://registry.npmjs.org/@emnapi/runtime/-/runtime-1.5.0.tgz 0ms (cache hit)
525 http cache @eslint/plugin-kit@https://registry.npmjs.org/@eslint/plugin-kit/-/plugin-kit-0.3.5.tgz 0ms (cache hit)
526 http cache @emnapi/core@https://registry.npmjs.org/@emnapi/core/-/core-1.5.0.tgz 0ms (cache hit)
527 http fetch GET 200 https://registry.npmjs.org/npm 187ms
528 http cache picomatch@https://registry.npmjs.org/picomatch/-/picomatch-4.0.3.tgz 0ms (cache hit)
529 http cache fdir@https://registry.npmjs.org/fdir/-/fdir-6.5.0.tgz 0ms (cache hit)
530 http cache postcss@https://registry.npmjs.org/postcss/-/postcss-8.4.31.tgz 0ms (cache hit)
531 http cache escape-string-regexp@https://registry.npmjs.org/escape-string-regexp/-/escape-string-regexp-5.0.0.tgz 0ms (cache hit)
532 http cache property-information@https://registry.npmjs.org/property-information/-/property-information-6.5.0.tgz 0ms (cache hit)
533 http cache @types/unist@https://registry.npmjs.org/@types/unist/-/unist-2.0.11.tgz 0ms (cache hit)
534 http cache semver@https://registry.npmjs.org/semver/-/semver-6.3.1.tgz 0ms (cache hit)
535 http cache debug@https://registry.npmjs.org/debug/-/debug-3.2.7.tgz 0ms (cache hit)
536 http cache semver@https://registry.npmjs.org/semver/-/semver-6.3.1.tgz 0ms (cache hit)
537 http cache debug@https://registry.npmjs.org/debug/-/debug-3.2.7.tgz 0ms (cache hit)
538 http cache resolve@https://registry.npmjs.org/resolve/-/resolve-2.0.0-next.5.tgz 0ms (cache hit)
539 http cache debug@https://registry.npmjs.org/debug/-/debug-3.2.7.tgz 0ms (cache hit)
540 http cache minimatch@https://registry.npmjs.org/minimatch/-/minimatch-9.0.5.tgz 0ms (cache hit)
541 http cache glob-parent@https://registry.npmjs.org/glob-parent/-/glob-parent-5.1.2.tgz 0ms (cache hit)
542 http cache brace-expansion@https://registry.npmjs.org/brace-expansion/-/brace-expansion-2.0.2.tgz 0ms (cache hit)
543 http cache glob-parent@https://registry.npmjs.org/glob-parent/-/glob-parent-5.1.2.tgz 0ms (cache hit)
544 http cache ignore@https://registry.npmjs.org/ignore/-/ignore-7.0.5.tgz 0ms (cache hit)
545 http cache fast-glob@https://registry.npmjs.org/fast-glob/-/fast-glob-3.3.3.tgz 0ms (cache hit)
546 http cache eslint-visitor-keys@https://registry.npmjs.org/eslint-visitor-keys/-/eslint-visitor-keys-3.4.3.tgz 0ms (cache hit)
547 http cache @humanwhocodes/retry@https://registry.npmjs.org/@humanwhocodes/retry/-/retry-0.3.1.tgz 0ms (cache hit)
548 http cache @formatjs/intl-localematcher@https://registry.npmjs.org/@formatjs/intl-localematcher/-/intl-localematcher-0.6.1.tgz 0ms (cache hit)
549 silly tarball no local data for zwitch@https://registry.npmjs.org/zwitch/-/zwitch-2.0.4.tgz. Extracting by manifest.
550 silly tarball no local data for yocto-queue@https://registry.npmjs.org/yocto-queue/-/yocto-queue-0.1.0.tgz. Extracting by manifest.
551 silly tarball no local data for which-collection@https://registry.npmjs.org/which-collection/-/which-collection-1.0.2.tgz. Extracting by manifest.
552 silly tarball no local data for which-builtin-type@https://registry.npmjs.org/which-builtin-type/-/which-builtin-type-1.2.1.tgz. Extracting by manifest.
553 silly tarball no local data for which-typed-array@https://registry.npmjs.org/which-typed-array/-/which-typed-array-1.1.19.tgz. Extracting by manifest.
554 silly tarball no local data for which-boxed-primitive@https://registry.npmjs.org/which-boxed-primitive/-/which-boxed-primitive-1.1.1.tgz. Extracting by manifest.
555 silly tarball no local data for word-wrap@https://registry.npmjs.org/word-wrap/-/word-wrap-1.2.5.tgz. Extracting by manifest.
556 silly tarball no local data for which@https://registry.npmjs.org/which/-/which-2.0.2.tgz. Extracting by manifest.
557 silly tarball no local data for vfile-message@https://registry.npmjs.org/vfile-message/-/vfile-message-4.0.3.tgz. Extracting by manifest.
558 silly tarball no local data for vfile-location@https://registry.npmjs.org/vfile-location/-/vfile-location-5.0.3.tgz. Extracting by manifest.
559 silly tarball no local data for web-namespaces@https://registry.npmjs.org/web-namespaces/-/web-namespaces-2.0.1.tgz. Extracting by manifest.
560 silly tarball no local data for use-intl@https://registry.npmjs.org/use-intl/-/use-intl-4.3.5.tgz. Extracting by manifest.
561 silly tarball no local data for vfile@https://registry.npmjs.org/vfile/-/vfile-6.0.3.tgz. Extracting by manifest.
562 silly tarball no local data for unist-util-visit-parents@https://registry.npmjs.org/unist-util-visit-parents/-/unist-util-visit-parents-6.0.1.tgz. Extracting by manifest.
563 silly tarball no local data for unrs-resolver@https://registry.npmjs.org/unrs-resolver/-/unrs-resolver-1.11.1.tgz. Extracting by manifest.
564 silly tarball no local data for unist-util-visit@https://registry.npmjs.org/unist-util-visit/-/unist-util-visit-5.0.0.tgz. Extracting by manifest.
565 silly tarball no local data for unist-util-stringify-position@https://registry.npmjs.org/unist-util-stringify-position/-/unist-util-stringify-position-4.0.0.tgz. Extracting by manifest.
566 silly tarball no local data for unist-util-is@https://registry.npmjs.org/unist-util-is/-/unist-util-is-6.0.0.tgz. Extracting by manifest.
567 silly tarball no local data for uri-js@https://registry.npmjs.org/uri-js/-/uri-js-4.4.1.tgz. Extracting by manifest.
568 silly tarball no local data for unified@https://registry.npmjs.org/unified/-/unified-11.0.5.tgz. Extracting by manifest.
569 silly tarball no local data for unist-util-position@https://registry.npmjs.org/unist-util-position/-/unist-util-position-5.0.0.tgz. Extracting by manifest.
570 silly tarball no local data for typescript@https://registry.npmjs.org/typescript/-/typescript-5.9.2.tgz. Extracting by manifest.
571 silly tarball no local data for typed-array-length@https://registry.npmjs.org/typed-array-length/-/typed-array-length-1.0.7.tgz. Extracting by manifest.
572 silly tarball no local data for undici-types@https://registry.npmjs.org/undici-types/-/undici-types-6.21.0.tgz. Extracting by manifest.
573 silly tarball no local data for typed-array-byte-offset@https://registry.npmjs.org/typed-array-byte-offset/-/typed-array-byte-offset-1.0.4.tgz. Extracting by manifest.
574 silly tarball no local data for unbox-primitive@https://registry.npmjs.org/unbox-primitive/-/unbox-primitive-1.1.0.tgz. Extracting by manifest.
575 silly tarball no local data for typed-array-byte-length@https://registry.npmjs.org/typed-array-byte-length/-/typed-array-byte-length-1.0.3.tgz. Extracting by manifest.
576 silly tarball no local data for typed-array-buffer@https://registry.npmjs.org/typed-array-buffer/-/typed-array-buffer-1.0.3.tgz. Extracting by manifest.
577 silly tarball no local data for type-check@https://registry.npmjs.org/type-check/-/type-check-0.4.0.tgz. Extracting by manifest.
578 silly tarball no local data for tsconfig-paths@https://registry.npmjs.org/tsconfig-paths/-/tsconfig-paths-3.15.0.tgz. Extracting by manifest.
579 silly tarball no local data for ts-api-utils@https://registry.npmjs.org/ts-api-utils/-/ts-api-utils-2.1.0.tgz. Extracting by manifest.
580 silly tarball no local data for tslib@https://registry.npmjs.org/tslib/-/tslib-2.8.1.tgz. Extracting by manifest.
581 silly tarball no local data for trough@https://registry.npmjs.org/trough/-/trough-2.2.0.tgz. Extracting by manifest.
582 silly tarball no local data for tinyglobby@https://registry.npmjs.org/tinyglobby/-/tinyglobby-0.2.14.tgz. Extracting by manifest.
583 silly tarball no local data for trim-lines@https://registry.npmjs.org/trim-lines/-/trim-lines-3.0.1.tgz. Extracting by manifest.
584 silly tarball no local data for to-regex-range@https://registry.npmjs.org/to-regex-range/-/to-regex-range-5.0.1.tgz. Extracting by manifest.
585 silly tarball no local data for styled-jsx@https://registry.npmjs.org/styled-jsx/-/styled-jsx-5.1.6.tgz. Extracting by manifest.
586 silly tarball no local data for supports-preserve-symlinks-flag@https://registry.npmjs.org/supports-preserve-symlinks-flag/-/supports-preserve-symlinks-flag-1.0.0.tgz. Extracting by manifest.
587 silly tarball no local data for supports-color@https://registry.npmjs.org/supports-color/-/supports-color-7.2.0.tgz. Extracting by manifest.
588 silly tarball no local data for style-to-js@https://registry.npmjs.org/style-to-js/-/style-to-js-1.1.17.tgz. Extracting by manifest.
589 silly tarball no local data for strip-json-comments@https://registry.npmjs.org/strip-json-comments/-/strip-json-comments-3.1.1.tgz. Extracting by manifest.
590 silly tarball no local data for style-to-object@https://registry.npmjs.org/style-to-object/-/style-to-object-1.0.9.tgz. Extracting by manifest.
591 silly tarball no local data for stringify-entities@https://registry.npmjs.org/stringify-entities/-/stringify-entities-4.0.4.tgz. Extracting by manifest.
592 silly tarball no local data for string.prototype.trimstart@https://registry.npmjs.org/string.prototype.trimstart/-/string.prototype.trimstart-1.0.8.tgz. Extracting by manifest.
593 silly tarball no local data for string.prototype.trim@https://registry.npmjs.org/string.prototype.trim/-/string.prototype.trim-1.2.10.tgz. Extracting by manifest.
594 silly tarball no local data for string.prototype.repeat@https://registry.npmjs.org/string.prototype.repeat/-/string.prototype.repeat-1.0.0.tgz. Extracting by manifest.
595 silly tarball no local data for string.prototype.trimend@https://registry.npmjs.org/string.prototype.trimend/-/string.prototype.trimend-1.0.9.tgz. Extracting by manifest.
596 silly tarball no local data for strip-bom@https://registry.npmjs.org/strip-bom/-/strip-bom-3.0.0.tgz. Extracting by manifest.
597 silly tarball no local data for string.prototype.matchall@https://registry.npmjs.org/string.prototype.matchall/-/string.prototype.matchall-4.0.12.tgz. Extracting by manifest.
598 silly tarball no local data for stop-iteration-iterator@https://registry.npmjs.org/stop-iteration-iterator/-/stop-iteration-iterator-1.1.0.tgz. Extracting by manifest.
599 silly tarball no local data for string.prototype.includes@https://registry.npmjs.org/string.prototype.includes/-/string.prototype.includes-2.0.1.tgz. Extracting by manifest.
600 silly tarball no local data for source-map-js@https://registry.npmjs.org/source-map-js/-/source-map-js-1.2.1.tgz. Extracting by manifest.
601 silly tarball no local data for simple-swizzle@https://registry.npmjs.org/simple-swizzle/-/simple-swizzle-0.2.2.tgz. Extracting by manifest.
602 silly tarball no local data for space-separated-tokens@https://registry.npmjs.org/space-separated-tokens/-/space-separated-tokens-2.0.2.tgz. Extracting by manifest.
603 silly tarball no local data for side-channel-weakmap@https://registry.npmjs.org/side-channel-weakmap/-/side-channel-weakmap-1.0.2.tgz. Extracting by manifest.
604 silly tarball no local data for side-channel-map@https://registry.npmjs.org/side-channel-map/-/side-channel-map-1.0.1.tgz. Extracting by manifest.
605 silly tarball no local data for side-channel-list@https://registry.npmjs.org/side-channel-list/-/side-channel-list-1.0.0.tgz. Extracting by manifest.
606 silly tarball no local data for shebang-regex@https://registry.npmjs.org/shebang-regex/-/shebang-regex-3.0.0.tgz. Extracting by manifest.
607 silly tarball no local data for side-channel@https://registry.npmjs.org/side-channel/-/side-channel-1.1.0.tgz. Extracting by manifest.
608 silly tarball no local data for sharp@https://registry.npmjs.org/sharp/-/sharp-0.34.3.tgz. Extracting by manifest.
609 silly tarball no local data for set-function-name@https://registry.npmjs.org/set-function-name/-/set-function-name-2.0.2.tgz. Extracting by manifest.
610 silly tarball no local data for set-proto@https://registry.npmjs.org/set-proto/-/set-proto-1.0.0.tgz. Extracting by manifest.
611 silly tarball no local data for set-function-length@https://registry.npmjs.org/set-function-length/-/set-function-length-1.2.2.tgz. Extracting by manifest.
612 silly tarball no local data for semver@https://registry.npmjs.org/semver/-/semver-7.7.2.tgz. Extracting by manifest.
613 silly tarball no local data for scheduler@https://registry.npmjs.org/scheduler/-/scheduler-0.26.0.tgz. Extracting by manifest.
614 silly tarball no local data for safe-regex-test@https://registry.npmjs.org/safe-regex-test/-/safe-regex-test-1.1.0.tgz. Extracting by manifest.
615 silly tarball no local data for safe-push-apply@https://registry.npmjs.org/safe-push-apply/-/safe-push-apply-1.0.0.tgz. Extracting by manifest.
616 silly tarball no local data for stable-hash@https://registry.npmjs.org/stable-hash/-/stable-hash-0.0.5.tgz. Extracting by manifest.
617 silly tarball no local data for run-parallel@https://registry.npmjs.org/run-parallel/-/run-parallel-1.2.0.tgz. Extracting by manifest.
618 silly tarball no local data for safe-array-concat@https://registry.npmjs.org/safe-array-concat/-/safe-array-concat-1.1.3.tgz. Extracting by manifest.
619 silly tarball no local data for resolve-pkg-maps@https://registry.npmjs.org/resolve-pkg-maps/-/resolve-pkg-maps-1.0.0.tgz. Extracting by manifest.
620 silly tarball no local data for resolve-from@https://registry.npmjs.org/resolve-from/-/resolve-from-4.0.0.tgz. Extracting by manifest.
621 silly tarball no local data for remark-stringify@https://registry.npmjs.org/remark-stringify/-/remark-stringify-11.0.0.tgz. Extracting by manifest.
622 silly tarball no local data for reusify@https://registry.npmjs.org/reusify/-/reusify-1.1.0.tgz. Extracting by manifest.
623 silly tarball no local data for shebang-command@https://registry.npmjs.org/shebang-command/-/shebang-command-2.0.0.tgz. Extracting by manifest.
624 silly tarball no local data for remark-rehype@https://registry.npmjs.org/remark-rehype/-/remark-rehype-11.1.2.tgz. Extracting by manifest.
625 silly tarball no local data for resolve@https://registry.npmjs.org/resolve/-/resolve-1.22.10.tgz. Extracting by manifest.
626 silly tarball no local data for remark-parse@https://registry.npmjs.org/remark-parse/-/remark-parse-11.0.0.tgz. Extracting by manifest.
627 silly tarball no local data for rehype-raw@https://registry.npmjs.org/rehype-raw/-/rehype-raw-7.0.0.tgz. Extracting by manifest.
628 silly tarball no local data for reflect.getprototypeof@https://registry.npmjs.org/reflect.getprototypeof/-/reflect.getprototypeof-1.0.10.tgz. Extracting by manifest.
629 silly tarball no local data for regexp.prototype.flags@https://registry.npmjs.org/regexp.prototype.flags/-/regexp.prototype.flags-1.5.4.tgz. Extracting by manifest.
630 silly tarball no local data for react-markdown@https://registry.npmjs.org/react-markdown/-/react-markdown-10.1.0.tgz. Extracting by manifest.
631 silly tarball no local data for remark-gfm@https://registry.npmjs.org/remark-gfm/-/remark-gfm-4.0.1.tgz. Extracting by manifest.
632 silly tarball no local data for react-is@https://registry.npmjs.org/react-is/-/react-is-16.13.1.tgz. Extracting by manifest.
633 silly tarball no local data for react-dom@https://registry.npmjs.org/react-dom/-/react-dom-19.1.0.tgz. Extracting by manifest.
634 silly tarball no local data for queue-microtask@https://registry.npmjs.org/queue-microtask/-/queue-microtask-1.2.3.tgz. Extracting by manifest.
635 silly tarball no local data for punycode@https://registry.npmjs.org/punycode/-/punycode-2.3.1.tgz. Extracting by manifest.
636 silly tarball no local data for react@https://registry.npmjs.org/react/-/react-19.1.0.tgz. Extracting by manifest.
637 silly tarball no local data for property-information@https://registry.npmjs.org/property-information/-/property-information-7.1.0.tgz. Extracting by manifest.
638 silly tarball no local data for prelude-ls@https://registry.npmjs.org/prelude-ls/-/prelude-ls-1.2.1.tgz. Extracting by manifest.
639 silly tarball no local data for prop-types@https://registry.npmjs.org/prop-types/-/prop-types-15.8.1.tgz. Extracting by manifest.
640 silly tarball no local data for possible-typed-array-names@https://registry.npmjs.org/possible-typed-array-names/-/possible-typed-array-names-1.1.0.tgz. Extracting by manifest.
641 silly tarball no local data for rehype-sanitize@https://registry.npmjs.org/rehype-sanitize/-/rehype-sanitize-6.0.0.tgz. Extracting by manifest.
642 silly tarball no local data for picomatch@https://registry.npmjs.org/picomatch/-/picomatch-2.3.1.tgz. Extracting by manifest.
643 silly tarball no local data for picocolors@https://registry.npmjs.org/picocolors/-/picocolors-1.1.1.tgz. Extracting by manifest.
644 silly tarball no local data for path-key@https://registry.npmjs.org/path-key/-/path-key-3.1.1.tgz. Extracting by manifest.
645 silly tarball no local data for path-parse@https://registry.npmjs.org/path-parse/-/path-parse-1.0.7.tgz. Extracting by manifest.
646 silly tarball no local data for parse-entities@https://registry.npmjs.org/parse-entities/-/parse-entities-4.0.2.tgz. Extracting by manifest.
647 silly tarball no local data for parent-module@https://registry.npmjs.org/parent-module/-/parent-module-1.0.1.tgz. Extracting by manifest.
648 silly tarball no local data for path-exists@https://registry.npmjs.org/path-exists/-/path-exists-4.0.0.tgz. Extracting by manifest.
649 silly tarball no local data for parse5@https://registry.npmjs.org/parse5/-/parse5-7.3.0.tgz. Extracting by manifest.
650 silly tarball no local data for p-locate@https://registry.npmjs.org/p-locate/-/p-locate-5.0.0.tgz. Extracting by manifest.
651 silly tarball no local data for own-keys@https://registry.npmjs.org/own-keys/-/own-keys-1.0.1.tgz. Extracting by manifest.
652 silly tarball no local data for optionator@https://registry.npmjs.org/optionator/-/optionator-0.9.4.tgz. Extracting by manifest.
653 silly tarball no local data for object.groupby@https://registry.npmjs.org/object.groupby/-/object.groupby-1.0.3.tgz. Extracting by manifest.
654 silly tarball no local data for object.values@https://registry.npmjs.org/object.values/-/object.values-1.2.1.tgz. Extracting by manifest.
655 silly tarball no local data for object.entries@https://registry.npmjs.org/object.entries/-/object.entries-1.1.9.tgz. Extracting by manifest.
656 silly tarball no local data for object.fromentries@https://registry.npmjs.org/object.fromentries/-/object.fromentries-2.0.8.tgz. Extracting by manifest.
657 silly tarball no local data for p-limit@https://registry.npmjs.org/p-limit/-/p-limit-3.1.0.tgz. Extracting by manifest.
658 silly tarball no local data for object-keys@https://registry.npmjs.org/object-keys/-/object-keys-1.1.1.tgz. Extracting by manifest.
659 silly tarball no local data for next-intl@https://registry.npmjs.org/next-intl/-/next-intl-4.3.5.tgz. Extracting by manifest.
660 silly tarball no local data for object.assign@https://registry.npmjs.org/object.assign/-/object.assign-4.1.7.tgz. Extracting by manifest.
661 silly tarball no local data for negotiator@https://registry.npmjs.org/negotiator/-/negotiator-1.0.0.tgz. Extracting by manifest.
662 silly tarball no local data for object-assign@https://registry.npmjs.org/object-assign/-/object-assign-4.1.1.tgz. Extracting by manifest.
663 silly tarball no local data for natural-compare@https://registry.npmjs.org/natural-compare/-/natural-compare-1.4.0.tgz. Extracting by manifest.
664 silly tarball no local data for next@https://registry.npmjs.org/next/-/next-15.5.2.tgz. Extracting by manifest.
665 silly tarball no local data for minimist@https://registry.npmjs.org/minimist/-/minimist-1.2.8.tgz. Extracting by manifest.
666 silly tarball no local data for nanoid@https://registry.npmjs.org/nanoid/-/nanoid-3.3.11.tgz. Extracting by manifest.
667 silly tarball no local data for ms@https://registry.npmjs.org/ms/-/ms-2.1.3.tgz. Extracting by manifest.
668 silly tarball no local data for micromatch@https://registry.npmjs.org/micromatch/-/micromatch-4.0.8.tgz. Extracting by manifest.
669 silly tarball no local data for minimatch@https://registry.npmjs.org/minimatch/-/minimatch-3.1.2.tgz. Extracting by manifest.
670 silly tarball no local data for micromark-util-symbol@https://registry.npmjs.org/micromark-util-symbol/-/micromark-util-symbol-2.0.1.tgz. Extracting by manifest.
671 silly tarball no local data for object-inspect@https://registry.npmjs.org/object-inspect/-/object-inspect-1.13.4.tgz. Extracting by manifest.
672 silly tarball no local data for napi-postinstall@https://registry.npmjs.org/napi-postinstall/-/napi-postinstall-0.3.3.tgz. Extracting by manifest.
673 silly tarball no local data for micromark-util-subtokenize@https://registry.npmjs.org/micromark-util-subtokenize/-/micromark-util-subtokenize-2.1.0.tgz. Extracting by manifest.
674 silly tarball no local data for micromark-util-resolve-all@https://registry.npmjs.org/micromark-util-resolve-all/-/micromark-util-resolve-all-2.0.1.tgz. Extracting by manifest.
675 silly tarball no local data for micromark-util-normalize-identifier@https://registry.npmjs.org/micromark-util-normalize-identifier/-/micromark-util-normalize-identifier-2.0.1.tgz. Extracting by manifest.
676 silly tarball no local data for micromark-util-types@https://registry.npmjs.org/micromark-util-types/-/micromark-util-types-2.0.2.tgz. Extracting by manifest.
677 silly tarball no local data for micromark-util-encode@https://registry.npmjs.org/micromark-util-encode/-/micromark-util-encode-2.0.1.tgz. Extracting by manifest.
678 silly tarball no local data for micromark-util-html-tag-name@https://registry.npmjs.org/micromark-util-html-tag-name/-/micromark-util-html-tag-name-2.0.1.tgz. Extracting by manifest.
679 silly tarball no local data for micromark-util-sanitize-uri@https://registry.npmjs.org/micromark-util-sanitize-uri/-/micromark-util-sanitize-uri-2.0.1.tgz. Extracting by manifest.
680 silly tarball no local data for micromark-util-decode-string@https://registry.npmjs.org/micromark-util-decode-string/-/micromark-util-decode-string-2.0.1.tgz. Extracting by manifest.
681 silly tarball no local data for micromark-util-chunked@https://registry.npmjs.org/micromark-util-chunked/-/micromark-util-chunked-2.0.1.tgz. Extracting by manifest.
682 silly tarball no local data for micromark-util-combine-extensions@https://registry.npmjs.org/micromark-util-combine-extensions/-/micromark-util-combine-extensions-2.0.1.tgz. Extracting by manifest.
683 silly tarball no local data for micromark-util-decode-numeric-character-reference@https://registry.npmjs.org/micromark-util-decode-numeric-character-reference/-/micromark-util-decode-numeric-character-reference-2.0.2.tgz. Extracting by manifest.
684 silly tarball no local data for micromark-util-character@https://registry.npmjs.org/micromark-util-character/-/micromark-util-character-2.1.1.tgz. Extracting by manifest.
685 silly tarball no local data for micromark-factory-whitespace@https://registry.npmjs.org/micromark-factory-whitespace/-/micromark-factory-whitespace-2.0.1.tgz. Extracting by manifest.
686 silly tarball no local data for micromark-factory-title@https://registry.npmjs.org/micromark-factory-title/-/micromark-factory-title-2.0.1.tgz. Extracting by manifest.
687 silly tarball no local data for micromark-factory-space@https://registry.npmjs.org/micromark-factory-space/-/micromark-factory-space-2.0.1.tgz. Extracting by manifest.
688 silly tarball no local data for micromark-factory-label@https://registry.npmjs.org/micromark-factory-label/-/micromark-factory-label-2.0.1.tgz. Extracting by manifest.
689 silly tarball no local data for micromark-factory-destination@https://registry.npmjs.org/micromark-factory-destination/-/micromark-factory-destination-2.0.1.tgz. Extracting by manifest.
690 silly tarball no local data for micromark-extension-gfm-task-list-item@https://registry.npmjs.org/micromark-extension-gfm-task-list-item/-/micromark-extension-gfm-task-list-item-2.1.0.tgz. Extracting by manifest.
691 silly tarball no local data for micromark-util-classify-character@https://registry.npmjs.org/micromark-util-classify-character/-/micromark-util-classify-character-2.0.1.tgz. Extracting by manifest.
692 silly tarball no local data for micromark-extension-gfm-table@https://registry.npmjs.org/micromark-extension-gfm-table/-/micromark-extension-gfm-table-2.1.1.tgz. Extracting by manifest.
693 silly tarball no local data for micromark-extension-gfm-footnote@https://registry.npmjs.org/micromark-extension-gfm-footnote/-/micromark-extension-gfm-footnote-2.1.0.tgz. Extracting by manifest.
694 silly tarball no local data for micromark-extension-gfm@https://registry.npmjs.org/micromark-extension-gfm/-/micromark-extension-gfm-3.0.0.tgz. Extracting by manifest.
695 silly tarball no local data for micromark-extension-gfm-autolink-literal@https://registry.npmjs.org/micromark-extension-gfm-autolink-literal/-/micromark-extension-gfm-autolink-literal-2.1.0.tgz. Extracting by manifest.
696 silly tarball no local data for micromark-extension-gfm-strikethrough@https://registry.npmjs.org/micromark-extension-gfm-strikethrough/-/micromark-extension-gfm-strikethrough-2.1.0.tgz. Extracting by manifest.
697 silly tarball no local data for micromark-core-commonmark@https://registry.npmjs.org/micromark-core-commonmark/-/micromark-core-commonmark-2.0.3.tgz. Extracting by manifest.
698 silly tarball no local data for micromark@https://registry.npmjs.org/micromark/-/micromark-4.0.2.tgz. Extracting by manifest.
699 silly tarball no local data for merge2@https://registry.npmjs.org/merge2/-/merge2-1.4.1.tgz. Extracting by manifest.
700 silly tarball no local data for micromark-extension-gfm-tagfilter@https://registry.npmjs.org/micromark-extension-gfm-tagfilter/-/micromark-extension-gfm-tagfilter-2.0.0.tgz. Extracting by manifest.
701 silly tarball no local data for mdast-util-to-string@https://registry.npmjs.org/mdast-util-to-string/-/mdast-util-to-string-4.0.0.tgz. Extracting by manifest.
702 silly tarball no local data for mdast-util-to-markdown@https://registry.npmjs.org/mdast-util-to-markdown/-/mdast-util-to-markdown-2.1.2.tgz. Extracting by manifest.
703 silly tarball no local data for mdast-util-to-hast@https://registry.npmjs.org/mdast-util-to-hast/-/mdast-util-to-hast-13.2.0.tgz. Extracting by manifest.
704 silly tarball no local data for mdast-util-phrasing@https://registry.npmjs.org/mdast-util-phrasing/-/mdast-util-phrasing-4.1.0.tgz. Extracting by manifest.
705 silly tarball no local data for mdast-util-mdxjs-esm@https://registry.npmjs.org/mdast-util-mdxjs-esm/-/mdast-util-mdxjs-esm-2.0.1.tgz. Extracting by manifest.
706 silly tarball no local data for mdast-util-mdx-expression@https://registry.npmjs.org/mdast-util-mdx-expression/-/mdast-util-mdx-expression-2.0.1.tgz. Extracting by manifest.
707 silly tarball no local data for mdast-util-mdx-jsx@https://registry.npmjs.org/mdast-util-mdx-jsx/-/mdast-util-mdx-jsx-3.2.0.tgz. Extracting by manifest.
708 silly tarball no local data for mdast-util-gfm-task-list-item@https://registry.npmjs.org/mdast-util-gfm-task-list-item/-/mdast-util-gfm-task-list-item-2.0.0.tgz. Extracting by manifest.
709 silly tarball no local data for mdast-util-gfm-table@https://registry.npmjs.org/mdast-util-gfm-table/-/mdast-util-gfm-table-2.0.0.tgz. Extracting by manifest.
710 silly tarball no local data for mdast-util-gfm-footnote@https://registry.npmjs.org/mdast-util-gfm-footnote/-/mdast-util-gfm-footnote-2.1.0.tgz. Extracting by manifest.
711 silly tarball no local data for mdast-util-gfm-strikethrough@https://registry.npmjs.org/mdast-util-gfm-strikethrough/-/mdast-util-gfm-strikethrough-2.0.0.tgz. Extracting by manifest.
712 silly tarball no local data for mdast-util-gfm-autolink-literal@https://registry.npmjs.org/mdast-util-gfm-autolink-literal/-/mdast-util-gfm-autolink-literal-2.0.1.tgz. Extracting by manifest.
713 silly tarball no local data for mdast-util-gfm@https://registry.npmjs.org/mdast-util-gfm/-/mdast-util-gfm-3.1.0.tgz. Extracting by manifest.
714 silly tarball no local data for mdast-util-from-markdown@https://registry.npmjs.org/mdast-util-from-markdown/-/mdast-util-from-markdown-2.0.2.tgz. Extracting by manifest.
715 silly tarball no local data for mdast-util-find-and-replace@https://registry.npmjs.org/mdast-util-find-and-replace/-/mdast-util-find-and-replace-3.0.2.tgz. Extracting by manifest.
716 silly tarball no local data for markdown-table@https://registry.npmjs.org/markdown-table/-/markdown-table-3.0.4.tgz. Extracting by manifest.
717 silly tarball no local data for loose-envify@https://registry.npmjs.org/loose-envify/-/loose-envify-1.4.0.tgz. Extracting by manifest.
718 silly tarball no local data for longest-streak@https://registry.npmjs.org/longest-streak/-/longest-streak-3.1.0.tgz. Extracting by manifest.
719 silly tarball no local data for lodash.merge@https://registry.npmjs.org/lodash.merge/-/lodash.merge-4.6.2.tgz. Extracting by manifest.
720 silly tarball no local data for locate-path@https://registry.npmjs.org/locate-path/-/locate-path-6.0.0.tgz. Extracting by manifest.
721 silly tarball no local data for language-tags@https://registry.npmjs.org/language-tags/-/language-tags-1.0.9.tgz. Extracting by manifest.
722 silly tarball no local data for levn@https://registry.npmjs.org/levn/-/levn-0.4.1.tgz. Extracting by manifest.
723 silly tarball no local data for language-subtag-registry@https://registry.npmjs.org/language-subtag-registry/-/language-subtag-registry-0.3.23.tgz. Extracting by manifest.
724 silly tarball no local data for math-intrinsics@https://registry.npmjs.org/math-intrinsics/-/math-intrinsics-1.1.0.tgz. Extracting by manifest.
725 silly tarball no local data for keyv@https://registry.npmjs.org/keyv/-/keyv-4.5.4.tgz. Extracting by manifest.
726 silly tarball no local data for json5@https://registry.npmjs.org/json5/-/json5-1.0.2.tgz. Extracting by manifest.
727 silly tarball no local data for json-stable-stringify-without-jsonify@https://registry.npmjs.org/json-stable-stringify-without-jsonify/-/json-stable-stringify-without-jsonify-1.0.1.tgz. Extracting by manifest.
728 silly tarball no local data for json-schema-traverse@https://registry.npmjs.org/json-schema-traverse/-/json-schema-traverse-0.4.1.tgz. Extracting by manifest.
729 silly tarball no local data for jsx-ast-utils@https://registry.npmjs.org/jsx-ast-utils/-/jsx-ast-utils-3.3.5.tgz. Extracting by manifest.
730 silly tarball no local data for json-buffer@https://registry.npmjs.org/json-buffer/-/json-buffer-3.0.1.tgz. Extracting by manifest.
731 silly tarball no local data for js-yaml@https://registry.npmjs.org/js-yaml/-/js-yaml-4.1.0.tgz. Extracting by manifest.
732 silly tarball no local data for js-tokens@https://registry.npmjs.org/js-tokens/-/js-tokens-4.0.0.tgz. Extracting by manifest.
733 silly tarball no local data for iterator.prototype@https://registry.npmjs.org/iterator.prototype/-/iterator.prototype-1.1.5.tgz. Extracting by manifest.
734 silly tarball no local data for jiti@https://registry.npmjs.org/jiti/-/jiti-2.5.1.tgz. Extracting by manifest.
735 silly tarball no local data for isarray@https://registry.npmjs.org/isarray/-/isarray-2.0.5.tgz. Extracting by manifest.
736 silly tarball no local data for is-weakref@https://registry.npmjs.org/is-weakref/-/is-weakref-1.1.1.tgz. Extracting by manifest.
737 silly tarball no local data for is-weakmap@https://registry.npmjs.org/is-weakmap/-/is-weakmap-2.0.2.tgz. Extracting by manifest.
738 silly tarball no local data for is-weakset@https://registry.npmjs.org/is-weakset/-/is-weakset-2.0.4.tgz. Extracting by manifest.
739 silly tarball no local data for is-typed-array@https://registry.npmjs.org/is-typed-array/-/is-typed-array-1.1.15.tgz. Extracting by manifest.
740 silly tarball no local data for is-symbol@https://registry.npmjs.org/is-symbol/-/is-symbol-1.1.1.tgz. Extracting by manifest.
741 silly tarball no local data for is-string@https://registry.npmjs.org/is-string/-/is-string-1.1.1.tgz. Extracting by manifest.
742 silly tarball no local data for is-set@https://registry.npmjs.org/is-set/-/is-set-2.0.3.tgz. Extracting by manifest.
743 silly tarball no local data for is-shared-array-buffer@https://registry.npmjs.org/is-shared-array-buffer/-/is-shared-array-buffer-1.0.4.tgz. Extracting by manifest.
744 silly tarball no local data for is-regex@https://registry.npmjs.org/is-regex/-/is-regex-1.2.1.tgz. Extracting by manifest.
745 silly tarball no local data for is-plain-obj@https://registry.npmjs.org/is-plain-obj/-/is-plain-obj-4.1.0.tgz. Extracting by manifest.
746 silly tarball no local data for is-number-object@https://registry.npmjs.org/is-number-object/-/is-number-object-1.1.1.tgz. Extracting by manifest.
747 silly tarball no local data for is-number@https://registry.npmjs.org/is-number/-/is-number-7.0.0.tgz. Extracting by manifest.
748 silly tarball no local data for isexe@https://registry.npmjs.org/isexe/-/isexe-2.0.0.tgz. Extracting by manifest.
749 silly tarball no local data for is-map@https://registry.npmjs.org/is-map/-/is-map-2.0.3.tgz. Extracting by manifest.
750 silly tarball no local data for is-hexadecimal@https://registry.npmjs.org/is-hexadecimal/-/is-hexadecimal-2.0.1.tgz. Extracting by manifest.
751 silly tarball no local data for is-glob@https://registry.npmjs.org/is-glob/-/is-glob-4.0.3.tgz. Extracting by manifest.
752 silly tarball no local data for is-finalizationregistry@https://registry.npmjs.org/is-finalizationregistry/-/is-finalizationregistry-1.1.1.tgz. Extracting by manifest.
753 silly tarball no local data for is-generator-function@https://registry.npmjs.org/is-generator-function/-/is-generator-function-1.1.0.tgz. Extracting by manifest.
754 silly tarball no local data for is-negative-zero@https://registry.npmjs.org/is-negative-zero/-/is-negative-zero-2.0.3.tgz. Extracting by manifest.
755 silly tarball no local data for is-decimal@https://registry.npmjs.org/is-decimal/-/is-decimal-2.0.1.tgz. Extracting by manifest.
756 silly tarball no local data for is-extglob@https://registry.npmjs.org/is-extglob/-/is-extglob-2.1.1.tgz. Extracting by manifest.
757 silly tarball no local data for is-date-object@https://registry.npmjs.org/is-date-object/-/is-date-object-1.1.0.tgz. Extracting by manifest.
758 silly tarball no local data for is-callable@https://registry.npmjs.org/is-callable/-/is-callable-1.2.7.tgz. Extracting by manifest.
759 silly tarball no local data for is-data-view@https://registry.npmjs.org/is-data-view/-/is-data-view-1.0.2.tgz. Extracting by manifest.
760 silly tarball no local data for is-boolean-object@https://registry.npmjs.org/is-boolean-object/-/is-boolean-object-1.2.2.tgz. Extracting by manifest.
761 silly tarball no local data for is-bigint@https://registry.npmjs.org/is-bigint/-/is-bigint-1.1.0.tgz. Extracting by manifest.
762 silly tarball no local data for is-bun-module@https://registry.npmjs.org/is-bun-module/-/is-bun-module-2.0.0.tgz. Extracting by manifest.
763 silly tarball no local data for is-core-module@https://registry.npmjs.org/is-core-module/-/is-core-module-2.16.1.tgz. Extracting by manifest.
764 silly tarball no local data for is-arrayish@https://registry.npmjs.org/is-arrayish/-/is-arrayish-0.3.2.tgz. Extracting by manifest.
765 silly tarball no local data for is-alphanumerical@https://registry.npmjs.org/is-alphanumerical/-/is-alphanumerical-2.0.1.tgz. Extracting by manifest.
766 silly tarball no local data for intl-messageformat@https://registry.npmjs.org/intl-messageformat/-/intl-messageformat-10.7.16.tgz. Extracting by manifest.
767 silly tarball no local data for internal-slot@https://registry.npmjs.org/internal-slot/-/internal-slot-1.1.0.tgz. Extracting by manifest.
768 silly tarball no local data for is-async-function@https://registry.npmjs.org/is-async-function/-/is-async-function-2.1.1.tgz. Extracting by manifest.
769 silly tarball no local data for inline-style-parser@https://registry.npmjs.org/inline-style-parser/-/inline-style-parser-0.2.4.tgz. Extracting by manifest.
770 silly tarball no local data for is-alphabetical@https://registry.npmjs.org/is-alphabetical/-/is-alphabetical-2.0.1.tgz. Extracting by manifest.
771 silly tarball no local data for is-array-buffer@https://registry.npmjs.org/is-array-buffer/-/is-array-buffer-3.0.5.tgz. Extracting by manifest.
772 silly tarball no local data for ignore@https://registry.npmjs.org/ignore/-/ignore-5.3.2.tgz. Extracting by manifest.
773 silly tarball no local data for imurmurhash@https://registry.npmjs.org/imurmurhash/-/imurmurhash-0.1.4.tgz. Extracting by manifest.
774 silly tarball no local data for html-void-elements@https://registry.npmjs.org/html-void-elements/-/html-void-elements-3.0.0.tgz. Extracting by manifest.
775 silly tarball no local data for import-fresh@https://registry.npmjs.org/import-fresh/-/import-fresh-3.3.1.tgz. Extracting by manifest.
776 silly tarball no local data for hast-util-whitespace@https://registry.npmjs.org/hast-util-whitespace/-/hast-util-whitespace-3.0.0.tgz. Extracting by manifest.
777 silly tarball no local data for hast-util-to-jsx-runtime@https://registry.npmjs.org/hast-util-to-jsx-runtime/-/hast-util-to-jsx-runtime-2.3.6.tgz. Extracting by manifest.
778 silly tarball no local data for hast-util-to-parse5@https://registry.npmjs.org/hast-util-to-parse5/-/hast-util-to-parse5-8.0.0.tgz. Extracting by manifest.
779 silly tarball no local data for hast-util-sanitize@https://registry.npmjs.org/hast-util-sanitize/-/hast-util-sanitize-5.0.2.tgz. Extracting by manifest.
780 silly tarball no local data for hast-util-raw@https://registry.npmjs.org/hast-util-raw/-/hast-util-raw-9.1.0.tgz. Extracting by manifest.
781 silly tarball no local data for hast-util-parse-selector@https://registry.npmjs.org/hast-util-parse-selector/-/hast-util-parse-selector-4.0.0.tgz. Extracting by manifest.
782 silly tarball no local data for hastscript@https://registry.npmjs.org/hastscript/-/hastscript-9.0.1.tgz. Extracting by manifest.
783 silly tarball no local data for hast-util-from-parse5@https://registry.npmjs.org/hast-util-from-parse5/-/hast-util-from-parse5-8.0.3.tgz. Extracting by manifest.
784 silly tarball no local data for hasown@https://registry.npmjs.org/hasown/-/hasown-2.0.2.tgz. Extracting by manifest.
785 silly tarball no local data for has-tostringtag@https://registry.npmjs.org/has-tostringtag/-/has-tostringtag-1.0.2.tgz. Extracting by manifest.
786 silly tarball no local data for has-property-descriptors@https://registry.npmjs.org/has-property-descriptors/-/has-property-descriptors-1.0.2.tgz. Extracting by manifest.
787 silly tarball no local data for has-symbols@https://registry.npmjs.org/has-symbols/-/has-symbols-1.1.0.tgz. Extracting by manifest.
788 silly tarball no local data for html-url-attributes@https://registry.npmjs.org/html-url-attributes/-/html-url-attributes-3.0.1.tgz. Extracting by manifest.
789 silly tarball no local data for has-flag@https://registry.npmjs.org/has-flag/-/has-flag-4.0.0.tgz. Extracting by manifest.
790 silly tarball no local data for gopd@https://registry.npmjs.org/gopd/-/gopd-1.2.0.tgz. Extracting by manifest.
791 silly tarball no local data for has-bigints@https://registry.npmjs.org/has-bigints/-/has-bigints-1.1.0.tgz. Extracting by manifest.
792 silly tarball no local data for has-proto@https://registry.npmjs.org/has-proto/-/has-proto-1.2.0.tgz. Extracting by manifest.
793 silly tarball no local data for globalthis@https://registry.npmjs.org/globalthis/-/globalthis-1.0.4.tgz. Extracting by manifest.
794 silly tarball no local data for globals@https://registry.npmjs.org/globals/-/globals-14.0.0.tgz. Extracting by manifest.
795 silly tarball no local data for glob-parent@https://registry.npmjs.org/glob-parent/-/glob-parent-6.0.2.tgz. Extracting by manifest.
796 silly tarball no local data for graphemer@https://registry.npmjs.org/graphemer/-/graphemer-1.4.0.tgz. Extracting by manifest.
797 silly tarball no local data for get-intrinsic@https://registry.npmjs.org/get-intrinsic/-/get-intrinsic-1.3.0.tgz. Extracting by manifest.
798 silly tarball no local data for get-proto@https://registry.npmjs.org/get-proto/-/get-proto-1.0.1.tgz. Extracting by manifest.
799 silly tarball no local data for get-tsconfig@https://registry.npmjs.org/get-tsconfig/-/get-tsconfig-4.10.1.tgz. Extracting by manifest.
800 silly tarball no local data for functions-have-names@https://registry.npmjs.org/functions-have-names/-/functions-have-names-1.2.3.tgz. Extracting by manifest.
801 silly tarball no local data for get-symbol-description@https://registry.npmjs.org/get-symbol-description/-/get-symbol-description-1.1.0.tgz. Extracting by manifest.
802 silly tarball no local data for function.prototype.name@https://registry.npmjs.org/function.prototype.name/-/function.prototype.name-1.1.8.tgz. Extracting by manifest.
803 silly tarball no local data for function-bind@https://registry.npmjs.org/function-bind/-/function-bind-1.1.2.tgz. Extracting by manifest.
804 silly tarball no local data for for-each@https://registry.npmjs.org/for-each/-/for-each-0.3.5.tgz. Extracting by manifest.
805 silly tarball no local data for flatted@https://registry.npmjs.org/flatted/-/flatted-3.3.3.tgz. Extracting by manifest.
806 silly tarball no local data for file-entry-cache@https://registry.npmjs.org/file-entry-cache/-/file-entry-cache-8.0.0.tgz. Extracting by manifest.
807 silly tarball no local data for find-up@https://registry.npmjs.org/find-up/-/find-up-5.0.0.tgz. Extracting by manifest.
808 silly tarball no local data for fastq@https://registry.npmjs.org/fastq/-/fastq-1.19.1.tgz. Extracting by manifest.
809 silly tarball no local data for flat-cache@https://registry.npmjs.org/flat-cache/-/flat-cache-4.0.1.tgz. Extracting by manifest.
810 silly tarball no local data for fast-json-stable-stringify@https://registry.npmjs.org/fast-json-stable-stringify/-/fast-json-stable-stringify-2.1.0.tgz. Extracting by manifest.
811 silly tarball no local data for fast-glob@https://registry.npmjs.org/fast-glob/-/fast-glob-3.3.1.tgz. Extracting by manifest.
812 silly tarball no local data for fill-range@https://registry.npmjs.org/fill-range/-/fill-range-7.1.1.tgz. Extracting by manifest.
813 silly tarball no local data for fast-deep-equal@https://registry.npmjs.org/fast-deep-equal/-/fast-deep-equal-3.1.3.tgz. Extracting by manifest.
814 silly tarball no local data for extend@https://registry.npmjs.org/extend/-/extend-3.0.2.tgz. Extracting by manifest.
815 silly tarball no local data for esutils@https://registry.npmjs.org/esutils/-/esutils-2.0.3.tgz. Extracting by manifest.
816 silly tarball no local data for estree-util-is-identifier-name@https://registry.npmjs.org/estree-util-is-identifier-name/-/estree-util-is-identifier-name-3.0.0.tgz. Extracting by manifest.
817 silly tarball no local data for fast-levenshtein@https://registry.npmjs.org/fast-levenshtein/-/fast-levenshtein-2.0.6.tgz. Extracting by manifest.
818 silly tarball no local data for estraverse@https://registry.npmjs.org/estraverse/-/estraverse-5.3.0.tgz. Extracting by manifest.
819 silly tarball no local data for espree@https://registry.npmjs.org/espree/-/espree-10.4.0.tgz. Extracting by manifest.
820 silly tarball no local data for esrecurse@https://registry.npmjs.org/esrecurse/-/esrecurse-4.3.0.tgz. Extracting by manifest.
821 silly tarball no local data for esquery@https://registry.npmjs.org/esquery/-/esquery-1.6.0.tgz. Extracting by manifest.
822 silly tarball no local data for eslint-scope@https://registry.npmjs.org/eslint-scope/-/eslint-scope-8.4.0.tgz. Extracting by manifest.
823 silly tarball no local data for eslint-plugin-react-hooks@https://registry.npmjs.org/eslint-plugin-react-hooks/-/eslint-plugin-react-hooks-5.2.0.tgz. Extracting by manifest.
824 silly tarball no local data for eslint-plugin-jsx-a11y@https://registry.npmjs.org/eslint-plugin-jsx-a11y/-/eslint-plugin-jsx-a11y-6.10.2.tgz. Extracting by manifest.
825 silly tarball no local data for eslint-visitor-keys@https://registry.npmjs.org/eslint-visitor-keys/-/eslint-visitor-keys-4.2.1.tgz. Extracting by manifest.
826 silly tarball no local data for eslint-plugin-import@https://registry.npmjs.org/eslint-plugin-import/-/eslint-plugin-import-2.32.0.tgz. Extracting by manifest.
827 silly tarball no local data for eslint-import-resolver-typescript@https://registry.npmjs.org/eslint-import-resolver-typescript/-/eslint-import-resolver-typescript-3.10.1.tgz. Extracting by manifest.
828 silly tarball no local data for eslint-config-next@https://registry.npmjs.org/eslint-config-next/-/eslint-config-next-15.5.2.tgz. Extracting by manifest.
829 silly tarball no local data for eslint-import-resolver-node@https://registry.npmjs.org/eslint-import-resolver-node/-/eslint-import-resolver-node-0.3.9.tgz. Extracting by manifest.
830 silly tarball no local data for eslint-module-utils@https://registry.npmjs.org/eslint-module-utils/-/eslint-module-utils-2.12.1.tgz. Extracting by manifest.
831 silly tarball no local data for escape-string-regexp@https://registry.npmjs.org/escape-string-regexp/-/escape-string-regexp-4.0.0.tgz. Extracting by manifest.
832 silly tarball no local data for es-shim-unscopables@https://registry.npmjs.org/es-shim-unscopables/-/es-shim-unscopables-1.1.0.tgz. Extracting by manifest.
833 silly tarball no local data for es-to-primitive@https://registry.npmjs.org/es-to-primitive/-/es-to-primitive-1.3.0.tgz. Extracting by manifest.
834 silly tarball no local data for eslint-plugin-react@https://registry.npmjs.org/eslint-plugin-react/-/eslint-plugin-react-7.37.5.tgz. Extracting by manifest.
835 silly tarball no local data for eslint@https://registry.npmjs.org/eslint/-/eslint-9.34.0.tgz. Extracting by manifest.
836 silly tarball no local data for es-iterator-helpers@https://registry.npmjs.org/es-iterator-helpers/-/es-iterator-helpers-1.2.1.tgz. Extracting by manifest.
837 silly tarball no local data for es-object-atoms@https://registry.npmjs.org/es-object-atoms/-/es-object-atoms-1.1.1.tgz. Extracting by manifest.
838 silly tarball no local data for es-errors@https://registry.npmjs.org/es-errors/-/es-errors-1.3.0.tgz. Extracting by manifest.
839 silly tarball no local data for es-abstract@https://registry.npmjs.org/es-abstract/-/es-abstract-1.24.0.tgz. Extracting by manifest.
840 silly tarball no local data for emoji-regex@https://registry.npmjs.org/emoji-regex/-/emoji-regex-9.2.2.tgz. Extracting by manifest.
841 silly tarball no local data for es-define-property@https://registry.npmjs.org/es-define-property/-/es-define-property-1.0.1.tgz. Extracting by manifest.
842 silly tarball no local data for dunder-proto@https://registry.npmjs.org/dunder-proto/-/dunder-proto-1.0.1.tgz. Extracting by manifest.
843 silly tarball no local data for entities@https://registry.npmjs.org/entities/-/entities-6.0.1.tgz. Extracting by manifest.
844 silly tarball no local data for doctrine@https://registry.npmjs.org/doctrine/-/doctrine-2.1.0.tgz. Extracting by manifest.
845 silly tarball no local data for es-set-tostringtag@https://registry.npmjs.org/es-set-tostringtag/-/es-set-tostringtag-2.1.0.tgz. Extracting by manifest.
846 silly tarball no local data for devlop@https://registry.npmjs.org/devlop/-/devlop-1.1.0.tgz. Extracting by manifest.
847 silly tarball no local data for detect-libc@https://registry.npmjs.org/detect-libc/-/detect-libc-2.0.4.tgz. Extracting by manifest.
848 silly tarball no local data for dequal@https://registry.npmjs.org/dequal/-/dequal-2.0.3.tgz. Extracting by manifest.
849 silly tarball no local data for define-properties@https://registry.npmjs.org/define-properties/-/define-properties-1.2.1.tgz. Extracting by manifest.
850 silly tarball no local data for decimal.js@https://registry.npmjs.org/decimal.js/-/decimal.js-10.6.0.tgz. Extracting by manifest.
851 silly tarball no local data for decode-named-character-reference@https://registry.npmjs.org/decode-named-character-reference/-/decode-named-character-reference-1.2.0.tgz. Extracting by manifest.
852 silly tarball no local data for debug@https://registry.npmjs.org/debug/-/debug-4.4.1.tgz. Extracting by manifest.
853 silly tarball no local data for data-view-byte-offset@https://registry.npmjs.org/data-view-byte-offset/-/data-view-byte-offset-1.0.1.tgz. Extracting by manifest.
854 silly tarball no local data for define-data-property@https://registry.npmjs.org/define-data-property/-/define-data-property-1.1.4.tgz. Extracting by manifest.
855 silly tarball no local data for data-view-buffer@https://registry.npmjs.org/data-view-buffer/-/data-view-buffer-1.0.2.tgz. Extracting by manifest.
856 silly tarball no local data for damerau-levenshtein@https://registry.npmjs.org/damerau-levenshtein/-/damerau-levenshtein-1.0.8.tgz. Extracting by manifest.
857 silly tarball no local data for csstype@https://registry.npmjs.org/csstype/-/csstype-3.1.3.tgz. Extracting by manifest.
858 silly tarball no local data for data-view-byte-length@https://registry.npmjs.org/data-view-byte-length/-/data-view-byte-length-1.0.2.tgz. Extracting by manifest.
859 silly tarball no local data for deep-is@https://registry.npmjs.org/deep-is/-/deep-is-0.1.4.tgz. Extracting by manifest.
860 silly tarball no local data for concat-map@https://registry.npmjs.org/concat-map/-/concat-map-0.0.1.tgz. Extracting by manifest.
861 silly tarball no local data for comma-separated-tokens@https://registry.npmjs.org/comma-separated-tokens/-/comma-separated-tokens-2.0.3.tgz. Extracting by manifest.
862 silly tarball no local data for cross-spawn@https://registry.npmjs.org/cross-spawn/-/cross-spawn-7.0.6.tgz. Extracting by manifest.
863 silly tarball no local data for color-name@https://registry.npmjs.org/color-name/-/color-name-1.1.4.tgz. Extracting by manifest.
864 silly tarball no local data for color-string@https://registry.npmjs.org/color-string/-/color-string-1.9.1.tgz. Extracting by manifest.
865 silly tarball no local data for color@https://registry.npmjs.org/color/-/color-4.2.3.tgz. Extracting by manifest.
866 silly tarball no local data for client-only@https://registry.npmjs.org/client-only/-/client-only-0.0.1.tgz. Extracting by manifest.
867 silly tarball no local data for color-convert@https://registry.npmjs.org/color-convert/-/color-convert-2.0.1.tgz. Extracting by manifest.
868 silly tarball no local data for character-reference-invalid@https://registry.npmjs.org/character-reference-invalid/-/character-reference-invalid-2.0.1.tgz. Extracting by manifest.
869 silly tarball no local data for character-entities-html4@https://registry.npmjs.org/character-entities-html4/-/character-entities-html4-2.1.0.tgz. Extracting by manifest.
870 silly tarball no local data for character-entities-legacy@https://registry.npmjs.org/character-entities-legacy/-/character-entities-legacy-3.0.0.tgz. Extracting by manifest.
871 silly tarball no local data for chalk@https://registry.npmjs.org/chalk/-/chalk-4.1.2.tgz. Extracting by manifest.
872 silly tarball no local data for ccount@https://registry.npmjs.org/ccount/-/ccount-2.0.1.tgz. Extracting by manifest.
873 silly tarball no local data for caniuse-lite@https://registry.npmjs.org/caniuse-lite/-/caniuse-lite-1.0.30001739.tgz. Extracting by manifest.
874 silly tarball no local data for callsites@https://registry.npmjs.org/callsites/-/callsites-3.1.0.tgz. Extracting by manifest.
875 silly tarball no local data for call-bind@https://registry.npmjs.org/call-bind/-/call-bind-1.0.8.tgz. Extracting by manifest.
876 silly tarball no local data for call-bound@https://registry.npmjs.org/call-bound/-/call-bound-1.0.4.tgz. Extracting by manifest.
877 silly tarball no local data for brace-expansion@https://registry.npmjs.org/brace-expansion/-/brace-expansion-1.1.12.tgz. Extracting by manifest.
878 silly tarball no local data for character-entities@https://registry.npmjs.org/character-entities/-/character-entities-2.0.2.tgz. Extracting by manifest.
879 silly tarball no local data for balanced-match@https://registry.npmjs.org/balanced-match/-/balanced-match-1.0.2.tgz. Extracting by manifest.
880 silly tarball no local data for braces@https://registry.npmjs.org/braces/-/braces-3.0.3.tgz. Extracting by manifest.
881 silly tarball no local data for axobject-query@https://registry.npmjs.org/axobject-query/-/axobject-query-4.1.0.tgz. Extracting by manifest.
882 silly tarball no local data for bail@https://registry.npmjs.org/bail/-/bail-2.0.2.tgz. Extracting by manifest.
883 silly tarball no local data for call-bind-apply-helpers@https://registry.npmjs.org/call-bind-apply-helpers/-/call-bind-apply-helpers-1.0.2.tgz. Extracting by manifest.
884 silly tarball no local data for available-typed-arrays@https://registry.npmjs.org/available-typed-arrays/-/available-typed-arrays-1.0.7.tgz. Extracting by manifest.
885 silly tarball no local data for axe-core@https://registry.npmjs.org/axe-core/-/axe-core-4.10.3.tgz. Extracting by manifest.
886 silly tarball no local data for async-function@https://registry.npmjs.org/async-function/-/async-function-1.0.0.tgz. Extracting by manifest.
887 silly tarball no local data for array.prototype.tosorted@https://registry.npmjs.org/array.prototype.tosorted/-/array.prototype.tosorted-1.1.4.tgz. Extracting by manifest.
888 silly tarball no local data for arraybuffer.prototype.slice@https://registry.npmjs.org/arraybuffer.prototype.slice/-/arraybuffer.prototype.slice-1.0.4.tgz. Extracting by manifest.
889 silly tarball no local data for array.prototype.flatmap@https://registry.npmjs.org/array.prototype.flatmap/-/array.prototype.flatmap-1.3.3.tgz. Extracting by manifest.
890 silly tarball no local data for ast-types-flow@https://registry.npmjs.org/ast-types-flow/-/ast-types-flow-0.0.8.tgz. Extracting by manifest.
891 silly tarball no local data for array.prototype.flat@https://registry.npmjs.org/array.prototype.flat/-/array.prototype.flat-1.3.3.tgz. Extracting by manifest.
892 silly tarball no local data for array.prototype.findlastindex@https://registry.npmjs.org/array.prototype.findlastindex/-/array.prototype.findlastindex-1.2.6.tgz. Extracting by manifest.
893 silly tarball no local data for array-buffer-byte-length@https://registry.npmjs.org/array-buffer-byte-length/-/array-buffer-byte-length-1.0.2.tgz. Extracting by manifest.
894 silly tarball no local data for array.prototype.findlast@https://registry.npmjs.org/array.prototype.findlast/-/array.prototype.findlast-1.2.5.tgz. Extracting by manifest.
895 silly tarball no local data for aria-query@https://registry.npmjs.org/aria-query/-/aria-query-5.3.2.tgz. Extracting by manifest.
896 silly tarball no local data for array-includes@https://registry.npmjs.org/array-includes/-/array-includes-3.1.9.tgz. Extracting by manifest.
897 silly tarball no local data for ajv@https://registry.npmjs.org/ajv/-/ajv-6.12.6.tgz. Extracting by manifest.
898 silly tarball no local data for acorn-jsx@https://registry.npmjs.org/acorn-jsx/-/acorn-jsx-5.3.2.tgz. Extracting by manifest.
899 silly tarball no local data for acorn@https://registry.npmjs.org/acorn/-/acorn-8.15.0.tgz. Extracting by manifest.
900 silly tarball no local data for argparse@https://registry.npmjs.org/argparse/-/argparse-2.0.1.tgz. Extracting by manifest.
901 silly tarball no local data for ansi-styles@https://registry.npmjs.org/ansi-styles/-/ansi-styles-4.3.0.tgz. Extracting by manifest.
902 silly tarball no local data for @unrs/resolver-binding-darwin-arm64@https://registry.npmjs.org/@unrs/resolver-binding-darwin-arm64/-/resolver-binding-darwin-arm64-1.11.1.tgz. Extracting by manifest.
903 silly tarball no local data for @ungap/structured-clone@https://registry.npmjs.org/@ungap/structured-clone/-/structured-clone-1.3.0.tgz. Extracting by manifest.
904 silly tarball no local data for @typescript-eslint/utils@https://registry.npmjs.org/@typescript-eslint/utils/-/utils-8.42.0.tgz. Extracting by manifest.
905 silly tarball no local data for @typescript-eslint/typescript-estree@https://registry.npmjs.org/@typescript-eslint/typescript-estree/-/typescript-estree-8.42.0.tgz. Extracting by manifest.
906 silly tarball no local data for @typescript-eslint/types@https://registry.npmjs.org/@typescript-eslint/types/-/types-8.42.0.tgz. Extracting by manifest.
907 silly tarball no local data for @typescript-eslint/tsconfig-utils@https://registry.npmjs.org/@typescript-eslint/tsconfig-utils/-/tsconfig-utils-8.42.0.tgz. Extracting by manifest.
908 silly tarball no local data for @typescript-eslint/scope-manager@https://registry.npmjs.org/@typescript-eslint/scope-manager/-/scope-manager-8.42.0.tgz. Extracting by manifest.
909 silly tarball no local data for @typescript-eslint/project-service@https://registry.npmjs.org/@typescript-eslint/project-service/-/project-service-8.42.0.tgz. Extracting by manifest.
910 silly tarball no local data for @typescript-eslint/visitor-keys@https://registry.npmjs.org/@typescript-eslint/visitor-keys/-/visitor-keys-8.42.0.tgz. Extracting by manifest.
911 silly tarball no local data for @typescript-eslint/type-utils@https://registry.npmjs.org/@typescript-eslint/type-utils/-/type-utils-8.42.0.tgz. Extracting by manifest.
912 silly tarball no local data for @typescript-eslint/parser@https://registry.npmjs.org/@typescript-eslint/parser/-/parser-8.42.0.tgz. Extracting by manifest.
913 silly tarball no local data for @typescript-eslint/eslint-plugin@https://registry.npmjs.org/@typescript-eslint/eslint-plugin/-/eslint-plugin-8.42.0.tgz. Extracting by manifest.
914 silly tarball no local data for @types/react-dom@https://registry.npmjs.org/@types/react-dom/-/react-dom-19.1.9.tgz. Extracting by manifest.
915 silly tarball no local data for @types/react@https://registry.npmjs.org/@types/react/-/react-19.1.12.tgz. Extracting by manifest.
916 silly tarball no local data for @types/node@https://registry.npmjs.org/@types/node/-/node-20.19.11.tgz. Extracting by manifest.
917 silly tarball no local data for @types/mdast@https://registry.npmjs.org/@types/mdast/-/mdast-4.0.4.tgz. Extracting by manifest.
918 silly tarball no local data for @types/json5@https://registry.npmjs.org/@types/json5/-/json5-0.0.29.tgz. Extracting by manifest.
919 silly tarball no local data for @types/json-schema@https://registry.npmjs.org/@types/json-schema/-/json-schema-7.0.15.tgz. Extracting by manifest.
920 silly tarball no local data for @types/hast@https://registry.npmjs.org/@types/hast/-/hast-3.0.4.tgz. Extracting by manifest.
921 silly tarball no local data for @types/ms@https://registry.npmjs.org/@types/ms/-/ms-2.1.0.tgz. Extracting by manifest.
922 silly tarball no local data for @types/estree@https://registry.npmjs.org/@types/estree/-/estree-1.0.8.tgz. Extracting by manifest.
923 silly tarball no local data for @types/estree-jsx@https://registry.npmjs.org/@types/estree-jsx/-/estree-jsx-1.0.5.tgz. Extracting by manifest.
924 silly tarball no local data for @tybys/wasm-util@https://registry.npmjs.org/@tybys/wasm-util/-/wasm-util-0.10.0.tgz. Extracting by manifest.
925 silly tarball no local data for @types/debug@https://registry.npmjs.org/@types/debug/-/debug-4.1.12.tgz. Extracting by manifest.
926 silly tarball no local data for @schummar/icu-type-parser@https://registry.npmjs.org/@schummar/icu-type-parser/-/icu-type-parser-1.21.5.tgz. Extracting by manifest.
927 silly tarball no local data for @swc/helpers@https://registry.npmjs.org/@swc/helpers/-/helpers-0.5.15.tgz. Extracting by manifest.
928 silly tarball no local data for @types/unist@https://registry.npmjs.org/@types/unist/-/unist-3.0.3.tgz. Extracting by manifest.
929 silly tarball no local data for @rushstack/eslint-patch@https://registry.npmjs.org/@rushstack/eslint-patch/-/eslint-patch-1.12.0.tgz. Extracting by manifest.
930 silly tarball no local data for @nodelib/fs.walk@https://registry.npmjs.org/@nodelib/fs.walk/-/fs.walk-1.2.8.tgz. Extracting by manifest.
931 silly tarball no local data for @nolyfill/is-core-module@https://registry.npmjs.org/@nolyfill/is-core-module/-/is-core-module-1.0.39.tgz. Extracting by manifest.
932 silly tarball no local data for @nodelib/fs.stat@https://registry.npmjs.org/@nodelib/fs.stat/-/fs.stat-2.0.5.tgz. Extracting by manifest.
933 silly tarball no local data for @nodelib/fs.scandir@https://registry.npmjs.org/@nodelib/fs.scandir/-/fs.scandir-2.1.5.tgz. Extracting by manifest.
934 silly tarball no local data for @rtsao/scc@https://registry.npmjs.org/@rtsao/scc/-/scc-1.1.0.tgz. Extracting by manifest.
935 silly tarball no local data for @next/swc-darwin-arm64@https://registry.npmjs.org/@next/swc-darwin-arm64/-/swc-darwin-arm64-15.5.2.tgz. Extracting by manifest.
936 silly tarball no local data for @next/eslint-plugin-next@https://registry.npmjs.org/@next/eslint-plugin-next/-/eslint-plugin-next-15.5.2.tgz. Extracting by manifest.
937 silly tarball no local data for @img/sharp-libvips-darwin-arm64@https://registry.npmjs.org/@img/sharp-libvips-darwin-arm64/-/sharp-libvips-darwin-arm64-1.2.0.tgz. Extracting by manifest.
938 silly tarball no local data for @img/sharp-darwin-arm64@https://registry.npmjs.org/@img/sharp-darwin-arm64/-/sharp-darwin-arm64-0.34.3.tgz. Extracting by manifest.
939 silly tarball no local data for @napi-rs/wasm-runtime@https://registry.npmjs.org/@napi-rs/wasm-runtime/-/wasm-runtime-0.2.12.tgz. Extracting by manifest.
940 silly tarball no local data for @humanwhocodes/retry@https://registry.npmjs.org/@humanwhocodes/retry/-/retry-0.4.3.tgz. Extracting by manifest.
941 silly tarball no local data for @humanwhocodes/module-importer@https://registry.npmjs.org/@humanwhocodes/module-importer/-/module-importer-1.0.1.tgz. Extracting by manifest.
942 silly tarball no local data for @next/env@https://registry.npmjs.org/@next/env/-/env-15.5.2.tgz. Extracting by manifest.
943 silly tarball no local data for @humanfs/node@https://registry.npmjs.org/@humanfs/node/-/node-0.16.6.tgz. Extracting by manifest.
944 silly tarball no local data for @humanfs/core@https://registry.npmjs.org/@humanfs/core/-/core-0.19.1.tgz. Extracting by manifest.
945 silly tarball no local data for @formatjs/intl-localematcher@https://registry.npmjs.org/@formatjs/intl-localematcher/-/intl-localematcher-0.5.10.tgz. Extracting by manifest.
946 silly tarball no local data for @formatjs/icu-skeleton-parser@https://registry.npmjs.org/@formatjs/icu-skeleton-parser/-/icu-skeleton-parser-1.8.14.tgz. Extracting by manifest.
947 silly tarball no local data for @formatjs/fast-memoize@https://registry.npmjs.org/@formatjs/fast-memoize/-/fast-memoize-2.2.7.tgz. Extracting by manifest.
948 silly tarball no local data for @formatjs/ecma402-abstract@https://registry.npmjs.org/@formatjs/ecma402-abstract/-/ecma402-abstract-2.3.4.tgz. Extracting by manifest.
949 silly tarball no local data for @formatjs/icu-messageformat-parser@https://registry.npmjs.org/@formatjs/icu-messageformat-parser/-/icu-messageformat-parser-2.11.2.tgz. Extracting by manifest.
950 silly tarball no local data for @eslint/object-schema@https://registry.npmjs.org/@eslint/object-schema/-/object-schema-2.1.6.tgz. Extracting by manifest.
951 silly tarball no local data for @eslint/js@https://registry.npmjs.org/@eslint/js/-/js-9.34.0.tgz. Extracting by manifest.
952 silly tarball no local data for @eslint/core@https://registry.npmjs.org/@eslint/core/-/core-0.15.2.tgz. Extracting by manifest.
953 silly tarball no local data for @eslint/eslintrc@https://registry.npmjs.org/@eslint/eslintrc/-/eslintrc-3.3.1.tgz. Extracting by manifest.
954 silly tarball no local data for @eslint/config-helpers@https://registry.npmjs.org/@eslint/config-helpers/-/config-helpers-0.3.1.tgz. Extracting by manifest.
955 silly tarball no local data for @eslint/config-array@https://registry.npmjs.org/@eslint/config-array/-/config-array-0.21.0.tgz. Extracting by manifest.
956 silly tarball no local data for @eslint-community/regexpp@https://registry.npmjs.org/@eslint-community/regexpp/-/regexpp-4.12.1.tgz. Extracting by manifest.
957 silly tarball no local data for @eslint-community/eslint-utils@https://registry.npmjs.org/@eslint-community/eslint-utils/-/eslint-utils-4.7.0.tgz. Extracting by manifest.
958 silly tarball no local data for @emnapi/wasi-threads@https://registry.npmjs.org/@emnapi/wasi-threads/-/wasi-threads-1.1.0.tgz. Extracting by manifest.
959 silly tarball no local data for @emnapi/runtime@https://registry.npmjs.org/@emnapi/runtime/-/runtime-1.5.0.tgz. Extracting by manifest.
960 silly tarball no local data for @eslint/plugin-kit@https://registry.npmjs.org/@eslint/plugin-kit/-/plugin-kit-0.3.5.tgz. Extracting by manifest.
961 silly tarball no local data for @emnapi/core@https://registry.npmjs.org/@emnapi/core/-/core-1.5.0.tgz. Extracting by manifest.
962 silly tarball no local data for picomatch@https://registry.npmjs.org/picomatch/-/picomatch-4.0.3.tgz. Extracting by manifest.
963 silly tarball no local data for fdir@https://registry.npmjs.org/fdir/-/fdir-6.5.0.tgz. Extracting by manifest.
964 silly tarball no local data for postcss@https://registry.npmjs.org/postcss/-/postcss-8.4.31.tgz. Extracting by manifest.
965 silly tarball no local data for escape-string-regexp@https://registry.npmjs.org/escape-string-regexp/-/escape-string-regexp-5.0.0.tgz. Extracting by manifest.
966 silly tarball no local data for property-information@https://registry.npmjs.org/property-information/-/property-information-6.5.0.tgz. Extracting by manifest.
967 silly tarball no local data for @types/unist@https://registry.npmjs.org/@types/unist/-/unist-2.0.11.tgz. Extracting by manifest.
968 silly tarball no local data for semver@https://registry.npmjs.org/semver/-/semver-6.3.1.tgz. Extracting by manifest.
969 silly tarball no local data for debug@https://registry.npmjs.org/debug/-/debug-3.2.7.tgz. Extracting by manifest.
970 silly tarball no local data for semver@https://registry.npmjs.org/semver/-/semver-6.3.1.tgz. Extracting by manifest.
971 silly tarball no local data for debug@https://registry.npmjs.org/debug/-/debug-3.2.7.tgz. Extracting by manifest.
972 silly tarball no local data for resolve@https://registry.npmjs.org/resolve/-/resolve-2.0.0-next.5.tgz. Extracting by manifest.
973 silly tarball no local data for debug@https://registry.npmjs.org/debug/-/debug-3.2.7.tgz. Extracting by manifest.
974 silly tarball no local data for minimatch@https://registry.npmjs.org/minimatch/-/minimatch-9.0.5.tgz. Extracting by manifest.
975 silly tarball no local data for glob-parent@https://registry.npmjs.org/glob-parent/-/glob-parent-5.1.2.tgz. Extracting by manifest.
976 silly tarball no local data for brace-expansion@https://registry.npmjs.org/brace-expansion/-/brace-expansion-2.0.2.tgz. Extracting by manifest.
977 silly tarball no local data for glob-parent@https://registry.npmjs.org/glob-parent/-/glob-parent-5.1.2.tgz. Extracting by manifest.
978 silly tarball no local data for ignore@https://registry.npmjs.org/ignore/-/ignore-7.0.5.tgz. Extracting by manifest.
979 silly tarball no local data for fast-glob@https://registry.npmjs.org/fast-glob/-/fast-glob-3.3.3.tgz. Extracting by manifest.
980 silly tarball no local data for eslint-visitor-keys@https://registry.npmjs.org/eslint-visitor-keys/-/eslint-visitor-keys-3.4.3.tgz. Extracting by manifest.
981 silly tarball no local data for @humanwhocodes/retry@https://registry.npmjs.org/@humanwhocodes/retry/-/retry-0.3.1.tgz. Extracting by manifest.
982 silly tarball no local data for @formatjs/intl-localematcher@https://registry.npmjs.org/@formatjs/intl-localematcher/-/intl-localematcher-0.6.1.tgz. Extracting by manifest.
983 http fetch GET 200 https://registry.npmjs.org/zwitch/-/zwitch-2.0.4.tgz 128ms (cache miss)
984 http fetch GET 200 https://registry.npmjs.org/unrs-resolver/-/unrs-resolver-1.11.1.tgz 144ms (cache miss)
985 http fetch GET 200 https://registry.npmjs.org/which/-/which-2.0.2.tgz 168ms (cache miss)
986 http fetch GET 200 https://registry.npmjs.org/yocto-queue/-/yocto-queue-0.1.0.tgz 170ms (cache miss)
987 http fetch GET 200 https://registry.npmjs.org/which-boxed-primitive/-/which-boxed-primitive-1.1.1.tgz 172ms (cache miss)
988 http fetch GET 200 https://registry.npmjs.org/which-typed-array/-/which-typed-array-1.1.19.tgz 172ms (cache miss)
989 http fetch GET 200 https://registry.npmjs.org/word-wrap/-/word-wrap-1.2.5.tgz 182ms (cache miss)
990 http fetch GET 200 https://registry.npmjs.org/which-collection/-/which-collection-1.0.2.tgz 184ms (cache miss)
991 http fetch GET 200 https://registry.npmjs.org/unist-util-visit/-/unist-util-visit-5.0.0.tgz 185ms (cache miss)
992 http fetch GET 200 https://registry.npmjs.org/vfile-location/-/vfile-location-5.0.3.tgz 187ms (cache miss)
993 http fetch GET 200 https://registry.npmjs.org/web-namespaces/-/web-namespaces-2.0.1.tgz 188ms (cache miss)
994 http fetch GET 200 https://registry.npmjs.org/vfile-message/-/vfile-message-4.0.3.tgz 193ms (cache miss)
995 http fetch GET 200 https://registry.npmjs.org/unist-util-stringify-position/-/unist-util-stringify-position-4.0.0.tgz 194ms (cache miss)
996 http fetch GET 200 https://registry.npmjs.org/unist-util-visit-parents/-/unist-util-visit-parents-6.0.1.tgz 194ms (cache miss)
997 http fetch GET 200 https://registry.npmjs.org/which-builtin-type/-/which-builtin-type-1.2.1.tgz 199ms (cache miss)
998 http fetch GET 200 https://registry.npmjs.org/vfile/-/vfile-6.0.3.tgz 200ms (cache miss)
999 http fetch GET 200 https://registry.npmjs.org/unified/-/unified-11.0.5.tgz 207ms (cache miss)
1000 http fetch GET 200 https://registry.npmjs.org/typed-array-length/-/typed-array-length-1.0.7.tgz 218ms (cache miss)
1001 http fetch GET 200 https://registry.npmjs.org/unist-util-position/-/unist-util-position-5.0.0.tgz 219ms (cache miss)
1002 http fetch GET 200 https://registry.npmjs.org/typed-array-byte-offset/-/typed-array-byte-offset-1.0.4.tgz 228ms (cache miss)
1003 http fetch GET 200 https://registry.npmjs.org/unist-util-is/-/unist-util-is-6.0.0.tgz 229ms (cache miss)
1004 http fetch GET 200 https://registry.npmjs.org/unbox-primitive/-/unbox-primitive-1.1.0.tgz 230ms (cache miss)
1005 http fetch GET 200 https://registry.npmjs.org/typed-array-byte-length/-/typed-array-byte-length-1.0.3.tgz 230ms (cache miss)
1006 http fetch GET 200 https://registry.npmjs.org/use-intl/-/use-intl-4.3.5.tgz 231ms (cache miss)
1007 http fetch GET 200 https://registry.npmjs.org/typed-array-buffer/-/typed-array-buffer-1.0.3.tgz 231ms (cache miss)
1008 http fetch GET 200 https://registry.npmjs.org/trough/-/trough-2.2.0.tgz 235ms (cache miss)
1009 http fetch GET 200 https://registry.npmjs.org/trim-lines/-/trim-lines-3.0.1.tgz 235ms (cache miss)
1010 http fetch GET 200 https://registry.npmjs.org/tinyglobby/-/tinyglobby-0.2.14.tgz 236ms (cache miss)
1011 http fetch GET 200 https://registry.npmjs.org/tslib/-/tslib-2.8.1.tgz 239ms (cache miss)
1012 http fetch GET 200 https://registry.npmjs.org/uri-js/-/uri-js-4.4.1.tgz 246ms (cache miss)
1013 http fetch GET 200 https://registry.npmjs.org/undici-types/-/undici-types-6.21.0.tgz 247ms (cache miss)
1014 http fetch GET 200 https://registry.npmjs.org/ts-api-utils/-/ts-api-utils-2.1.0.tgz 247ms (cache miss)
1015 http fetch GET 200 https://registry.npmjs.org/to-regex-range/-/to-regex-range-5.0.1.tgz 247ms (cache miss)
1016 http fetch GET 200 https://registry.npmjs.org/tsconfig-paths/-/tsconfig-paths-3.15.0.tgz 262ms (cache miss)
1017 http fetch GET 200 https://registry.npmjs.org/strip-json-comments/-/strip-json-comments-3.1.1.tgz 262ms (cache miss)
1018 http fetch GET 200 https://registry.npmjs.org/style-to-js/-/style-to-js-1.1.17.tgz 263ms (cache miss)
1019 http fetch GET 200 https://registry.npmjs.org/string.prototype.trimstart/-/string.prototype.trimstart-1.0.8.tgz 265ms (cache miss)
1020 http fetch GET 200 https://registry.npmjs.org/type-check/-/type-check-0.4.0.tgz 267ms (cache miss)
1021 http fetch GET 200 https://registry.npmjs.org/style-to-object/-/style-to-object-1.0.9.tgz 267ms (cache miss)
1022 http fetch GET 200 https://registry.npmjs.org/supports-preserve-symlinks-flag/-/supports-preserve-symlinks-flag-1.0.0.tgz 268ms (cache miss)
1023 http fetch GET 200 https://registry.npmjs.org/string.prototype.trimend/-/string.prototype.trimend-1.0.9.tgz 267ms (cache miss)
1024 http fetch GET 200 https://registry.npmjs.org/string.prototype.trim/-/string.prototype.trim-1.2.10.tgz 269ms (cache miss)
1025 http fetch GET 200 https://registry.npmjs.org/string.prototype.repeat/-/string.prototype.repeat-1.0.0.tgz 275ms (cache miss)
1026 http fetch GET 200 https://registry.npmjs.org/stringify-entities/-/stringify-entities-4.0.4.tgz 285ms (cache miss)
1027 http fetch GET 200 https://registry.npmjs.org/string.prototype.matchall/-/string.prototype.matchall-4.0.12.tgz 285ms (cache miss)
1028 http fetch GET 200 https://registry.npmjs.org/stop-iteration-iterator/-/stop-iteration-iterator-1.1.0.tgz 293ms (cache miss)
1029 http fetch GET 200 https://registry.npmjs.org/space-separated-tokens/-/space-separated-tokens-2.0.2.tgz 293ms (cache miss)
1030 http fetch GET 200 https://registry.npmjs.org/side-channel-map/-/side-channel-map-1.0.1.tgz 311ms (cache miss)
1031 http fetch GET 200 https://registry.npmjs.org/side-channel-weakmap/-/side-channel-weakmap-1.0.2.tgz 314ms (cache miss)
1032 http fetch GET 200 https://registry.npmjs.org/side-channel-list/-/side-channel-list-1.0.0.tgz 316ms (cache miss)
1033 http fetch POST 200 https://registry.npmjs.org/-/npm/v1/security/advisories/bulk 395ms
1034 silly audit report {}
1035 http fetch GET 200 https://registry.npmjs.org/shebang-regex/-/shebang-regex-3.0.0.tgz 328ms (cache miss)
1036 http fetch GET 200 https://registry.npmjs.org/simple-swizzle/-/simple-swizzle-0.2.2.tgz 328ms (cache miss)
1037 http fetch GET 200 https://registry.npmjs.org/side-channel/-/side-channel-1.1.0.tgz 328ms (cache miss)
1038 http fetch GET 200 https://registry.npmjs.org/strip-bom/-/strip-bom-3.0.0.tgz 334ms (cache miss)
1039 http fetch GET 200 https://registry.npmjs.org/styled-jsx/-/styled-jsx-5.1.6.tgz 338ms (cache miss)
1040 http fetch GET 200 https://registry.npmjs.org/set-proto/-/set-proto-1.0.0.tgz 344ms (cache miss)
1041 http fetch GET 200 https://registry.npmjs.org/sharp/-/sharp-0.34.3.tgz 346ms (cache miss)
1042 http fetch GET 200 https://registry.npmjs.org/set-function-length/-/set-function-length-1.2.2.tgz 347ms (cache miss)
1043 http fetch GET 200 https://registry.npmjs.org/stable-hash/-/stable-hash-0.0.5.tgz 351ms (cache miss)
1044 http fetch GET 200 https://registry.npmjs.org/semver/-/semver-7.7.2.tgz 355ms (cache miss)
1045 http fetch GET 200 https://registry.npmjs.org/set-function-name/-/set-function-name-2.0.2.tgz 357ms (cache miss)
1046 http fetch GET 200 https://registry.npmjs.org/safe-push-apply/-/safe-push-apply-1.0.0.tgz 369ms (cache miss)
1047 http fetch GET 200 https://registry.npmjs.org/string.prototype.includes/-/string.prototype.includes-2.0.1.tgz 373ms (cache miss)
1048 http fetch GET 200 https://registry.npmjs.org/scheduler/-/scheduler-0.26.0.tgz 371ms (cache miss)
1049 http fetch GET 200 https://registry.npmjs.org/run-parallel/-/run-parallel-1.2.0.tgz 376ms (cache miss)
1050 http fetch GET 200 https://registry.npmjs.org/shebang-command/-/shebang-command-2.0.0.tgz 376ms (cache miss)
1051 http fetch GET 200 https://registry.npmjs.org/safe-array-concat/-/safe-array-concat-1.1.3.tgz 377ms (cache miss)
1052 http fetch GET 200 https://registry.npmjs.org/resolve-from/-/resolve-from-4.0.0.tgz 377ms (cache miss)
1053 http fetch GET 200 https://registry.npmjs.org/resolve-pkg-maps/-/resolve-pkg-maps-1.0.0.tgz 381ms (cache miss)
1054 http fetch GET 200 https://registry.npmjs.org/remark-stringify/-/remark-stringify-11.0.0.tgz 381ms (cache miss)
1055 http fetch GET 200 https://registry.npmjs.org/reusify/-/reusify-1.1.0.tgz 386ms (cache miss)
1056 http fetch GET 200 https://registry.npmjs.org/remark-rehype/-/remark-rehype-11.1.2.tgz 387ms (cache miss)
1057 http fetch GET 200 https://registry.npmjs.org/remark-parse/-/remark-parse-11.0.0.tgz 405ms (cache miss)
1058 http fetch GET 200 https://registry.npmjs.org/reflect.getprototypeof/-/reflect.getprototypeof-1.0.10.tgz 408ms (cache miss)
1059 http fetch GET 200 https://registry.npmjs.org/react-is/-/react-is-16.13.1.tgz 420ms (cache miss)
1060 http fetch GET 200 https://registry.npmjs.org/remark-gfm/-/remark-gfm-4.0.1.tgz 422ms (cache miss)
1061 http fetch GET 200 https://registry.npmjs.org/react-markdown/-/react-markdown-10.1.0.tgz 422ms (cache miss)
1062 http fetch GET 200 https://registry.npmjs.org/regexp.prototype.flags/-/regexp.prototype.flags-1.5.4.tgz 424ms (cache miss)
1063 http fetch GET 200 https://registry.npmjs.org/safe-regex-test/-/safe-regex-test-1.1.0.tgz 430ms (cache miss)
1064 http fetch GET 200 https://registry.npmjs.org/queue-microtask/-/queue-microtask-1.2.3.tgz 439ms (cache miss)
1065 http fetch GET 200 https://registry.npmjs.org/rehype-raw/-/rehype-raw-7.0.0.tgz 442ms (cache miss)
1066 http fetch GET 200 https://registry.npmjs.org/resolve/-/resolve-1.22.10.tgz 447ms (cache miss)
1067 http fetch GET 200 https://registry.npmjs.org/prelude-ls/-/prelude-ls-1.2.1.tgz 456ms (cache miss)
1068 http fetch GET 200 https://registry.npmjs.org/prop-types/-/prop-types-15.8.1.tgz 459ms (cache miss)
1069 http fetch GET 200 https://registry.npmjs.org/rehype-sanitize/-/rehype-sanitize-6.0.0.tgz 464ms (cache miss)
1070 http fetch GET 200 https://registry.npmjs.org/property-information/-/property-information-7.1.0.tgz 465ms (cache miss)
1071 http fetch GET 200 https://registry.npmjs.org/possible-typed-array-names/-/possible-typed-array-names-1.1.0.tgz 466ms (cache miss)
1072 http fetch GET 200 https://registry.npmjs.org/picocolors/-/picocolors-1.1.1.tgz 473ms (cache miss)
1073 http fetch GET 200 https://registry.npmjs.org/path-parse/-/path-parse-1.0.7.tgz 478ms (cache miss)
1074 http fetch GET 200 https://registry.npmjs.org/picomatch/-/picomatch-2.3.1.tgz 484ms (cache miss)
1075 http fetch GET 200 https://registry.npmjs.org/parent-module/-/parent-module-1.0.1.tgz 490ms (cache miss)
1076 http fetch GET 200 https://registry.npmjs.org/p-locate/-/p-locate-5.0.0.tgz 502ms (cache miss)
1077 http fetch GET 200 https://registry.npmjs.org/parse-entities/-/parse-entities-4.0.2.tgz 504ms (cache miss)
1078 http fetch GET 200 https://registry.npmjs.org/path-exists/-/path-exists-4.0.0.tgz 504ms (cache miss)
1079 http fetch GET 200 https://registry.npmjs.org/object.groupby/-/object.groupby-1.0.3.tgz 511ms (cache miss)
1080 http fetch GET 200 https://registry.npmjs.org/path-key/-/path-key-3.1.1.tgz 514ms (cache miss)
1081 http fetch GET 200 https://registry.npmjs.org/optionator/-/optionator-0.9.4.tgz 517ms (cache miss)
1082 http fetch GET 200 https://registry.npmjs.org/own-keys/-/own-keys-1.0.1.tgz 532ms (cache miss)
1083 http fetch GET 200 https://registry.npmjs.org/p-limit/-/p-limit-3.1.0.tgz 531ms (cache miss)
1084 http fetch GET 200 https://registry.npmjs.org/object.entries/-/object.entries-1.1.9.tgz 541ms (cache miss)
1085 http fetch GET 200 https://registry.npmjs.org/object.values/-/object.values-1.2.1.tgz 544ms (cache miss)
1086 http fetch GET 200 https://registry.npmjs.org/source-map-js/-/source-map-js-1.2.1.tgz 552ms (cache miss)
1087 http fetch GET 200 https://registry.npmjs.org/object-assign/-/object-assign-4.1.1.tgz 545ms (cache miss)
1088 http fetch GET 200 https://registry.npmjs.org/object.fromentries/-/object.fromentries-2.0.8.tgz 547ms (cache miss)
1089 http fetch GET 200 https://registry.npmjs.org/object-keys/-/object-keys-1.1.1.tgz 547ms (cache miss)
1090 http fetch GET 200 https://registry.npmjs.org/parse5/-/parse5-7.3.0.tgz 548ms (cache miss)
1091 http fetch GET 200 https://registry.npmjs.org/minimist/-/minimist-1.2.8.tgz 556ms (cache miss)
1092 http fetch GET 200 https://registry.npmjs.org/ms/-/ms-2.1.3.tgz 574ms (cache miss)
1093 http fetch GET 200 https://registry.npmjs.org/micromark-util-symbol/-/micromark-util-symbol-2.0.1.tgz 573ms (cache miss)
1094 http fetch GET 200 https://registry.npmjs.org/minimatch/-/minimatch-3.1.2.tgz 575ms (cache miss)
1095 http fetch GET 200 https://registry.npmjs.org/object.assign/-/object.assign-4.1.7.tgz 584ms (cache miss)
1096 http fetch GET 200 https://registry.npmjs.org/react-dom/-/react-dom-19.1.0.tgz 595ms (cache miss)
1097 http fetch GET 200 https://registry.npmjs.org/nanoid/-/nanoid-3.3.11.tgz 595ms (cache miss)
1098 http fetch GET 200 https://registry.npmjs.org/napi-postinstall/-/napi-postinstall-0.3.3.tgz 599ms (cache miss)
1099 http fetch GET 200 https://registry.npmjs.org/micromatch/-/micromatch-4.0.8.tgz 605ms (cache miss)
1100 http fetch GET 200 https://registry.npmjs.org/micromark-util-types/-/micromark-util-types-2.0.2.tgz 607ms (cache miss)
1101 http fetch GET 200 https://registry.npmjs.org/micromark-util-resolve-all/-/micromark-util-resolve-all-2.0.1.tgz 607ms (cache miss)
1102 http fetch GET 200 https://registry.npmjs.org/micromark-util-normalize-identifier/-/micromark-util-normalize-identifier-2.0.1.tgz 620ms (cache miss)
1103 http fetch GET 200 https://registry.npmjs.org/micromark-util-encode/-/micromark-util-encode-2.0.1.tgz 620ms (cache miss)
1104 http fetch GET 200 https://registry.npmjs.org/micromark-util-html-tag-name/-/micromark-util-html-tag-name-2.0.1.tgz 622ms (cache miss)
1105 http fetch GET 200 https://registry.npmjs.org/natural-compare/-/natural-compare-1.4.0.tgz 627ms (cache miss)
1106 http fetch GET 200 https://registry.npmjs.org/next-intl/-/next-intl-4.3.5.tgz 631ms (cache miss)
1107 http fetch GET 200 https://registry.npmjs.org/micromark-util-sanitize-uri/-/micromark-util-sanitize-uri-2.0.1.tgz 638ms (cache miss)
1108 http fetch GET 200 https://registry.npmjs.org/micromark-util-decode-string/-/micromark-util-decode-string-2.0.1.tgz 641ms (cache miss)
1109 http fetch GET 200 https://registry.npmjs.org/micromark-util-subtokenize/-/micromark-util-subtokenize-2.1.0.tgz 645ms (cache miss)
1110 http fetch GET 200 https://registry.npmjs.org/object-inspect/-/object-inspect-1.13.4.tgz 653ms (cache miss)
1111 http fetch GET 200 https://registry.npmjs.org/micromark-util-chunked/-/micromark-util-chunked-2.0.1.tgz 653ms (cache miss)
1112 http fetch GET 200 https://registry.npmjs.org/micromark-util-character/-/micromark-util-character-2.1.1.tgz 655ms (cache miss)
1113 http fetch GET 200 https://registry.npmjs.org/micromark-util-combine-extensions/-/micromark-util-combine-extensions-2.0.1.tgz 655ms (cache miss)
1114 http fetch GET 200 https://registry.npmjs.org/micromark-util-decode-numeric-character-reference/-/micromark-util-decode-numeric-character-reference-2.0.2.tgz 656ms (cache miss)
1115 http fetch GET 200 https://registry.npmjs.org/react/-/react-19.1.0.tgz 663ms (cache miss)
1116 http fetch GET 200 https://registry.npmjs.org/negotiator/-/negotiator-1.0.0.tgz 660ms (cache miss)
1117 http fetch GET 200 https://registry.npmjs.org/micromark-factory-whitespace/-/micromark-factory-whitespace-2.0.1.tgz 670ms (cache miss)
1118 http fetch GET 200 https://registry.npmjs.org/micromark-factory-label/-/micromark-factory-label-2.0.1.tgz 670ms (cache miss)
1119 http fetch GET 200 https://registry.npmjs.org/micromark-extension-gfm-task-list-item/-/micromark-extension-gfm-task-list-item-2.1.0.tgz 675ms (cache miss)
1120 http fetch GET 200 https://registry.npmjs.org/micromark-util-classify-character/-/micromark-util-classify-character-2.0.1.tgz 676ms (cache miss)
1121 http fetch GET 200 https://registry.npmjs.org/micromark-factory-space/-/micromark-factory-space-2.0.1.tgz 678ms (cache miss)
1122 http fetch GET 200 https://registry.npmjs.org/micromark-factory-title/-/micromark-factory-title-2.0.1.tgz 684ms (cache miss)
1123 http fetch GET 200 https://registry.npmjs.org/micromark-extension-gfm-footnote/-/micromark-extension-gfm-footnote-2.1.0.tgz 685ms (cache miss)
1124 http fetch GET 200 https://registry.npmjs.org/micromark-factory-destination/-/micromark-factory-destination-2.0.1.tgz 688ms (cache miss)
1125 http fetch GET 200 https://registry.npmjs.org/micromark-extension-gfm-table/-/micromark-extension-gfm-table-2.1.1.tgz 691ms (cache miss)
1126 http fetch GET 200 https://registry.npmjs.org/punycode/-/punycode-2.3.1.tgz 699ms (cache miss)
1127 http fetch GET 200 https://registry.npmjs.org/micromark-extension-gfm/-/micromark-extension-gfm-3.0.0.tgz 711ms (cache miss)
1128 http fetch GET 200 https://registry.npmjs.org/micromark-extension-gfm-strikethrough/-/micromark-extension-gfm-strikethrough-2.1.0.tgz 717ms (cache miss)
1129 http fetch GET 200 https://registry.npmjs.org/mdast-util-to-string/-/mdast-util-to-string-4.0.0.tgz 717ms (cache miss)
1130 http fetch GET 200 https://registry.npmjs.org/micromark/-/micromark-4.0.2.tgz 718ms (cache miss)
1131 http fetch GET 200 https://registry.npmjs.org/merge2/-/merge2-1.4.1.tgz 721ms (cache miss)
1132 http fetch GET 200 https://registry.npmjs.org/micromark-extension-gfm-tagfilter/-/micromark-extension-gfm-tagfilter-2.0.0.tgz 722ms (cache miss)
1133 http fetch GET 200 https://registry.npmjs.org/mdast-util-phrasing/-/mdast-util-phrasing-4.1.0.tgz 727ms (cache miss)
1134 http fetch GET 200 https://registry.npmjs.org/typescript/-/typescript-5.9.2.tgz 753ms (cache miss)
1135 http fetch GET 200 https://registry.npmjs.org/mdast-util-mdxjs-esm/-/mdast-util-mdxjs-esm-2.0.1.tgz 744ms (cache miss)
1136 http fetch GET 200 https://registry.npmjs.org/mdast-util-gfm-task-list-item/-/mdast-util-gfm-task-list-item-2.0.0.tgz 750ms (cache miss)
1137 http fetch GET 200 https://registry.npmjs.org/mdast-util-to-hast/-/mdast-util-to-hast-13.2.0.tgz 759ms (cache miss)
1138 http fetch GET 200 https://registry.npmjs.org/mdast-util-mdx-jsx/-/mdast-util-mdx-jsx-3.2.0.tgz 761ms (cache miss)
1139 http fetch GET 200 https://registry.npmjs.org/mdast-util-gfm-strikethrough/-/mdast-util-gfm-strikethrough-2.0.0.tgz 763ms (cache miss)
1140 http fetch GET 200 https://registry.npmjs.org/mdast-util-gfm-table/-/mdast-util-gfm-table-2.0.0.tgz 771ms (cache miss)
1141 http fetch GET 200 https://registry.npmjs.org/mdast-util-mdx-expression/-/mdast-util-mdx-expression-2.0.1.tgz 791ms (cache miss)
1142 http fetch GET 200 https://registry.npmjs.org/micromark-extension-gfm-autolink-literal/-/micromark-extension-gfm-autolink-literal-2.1.0.tgz 793ms (cache miss)
1143 http fetch GET 200 https://registry.npmjs.org/markdown-table/-/markdown-table-3.0.4.tgz 792ms (cache miss)
1144 http fetch GET 200 https://registry.npmjs.org/longest-streak/-/longest-streak-3.1.0.tgz 798ms (cache miss)
1145 http fetch GET 200 https://registry.npmjs.org/loose-envify/-/loose-envify-1.4.0.tgz 802ms (cache miss)
1146 http fetch GET 200 https://registry.npmjs.org/micromark-core-commonmark/-/micromark-core-commonmark-2.0.3.tgz 807ms (cache miss)
1147 http fetch GET 200 https://registry.npmjs.org/mdast-util-from-markdown/-/mdast-util-from-markdown-2.0.2.tgz 823ms (cache miss)
1148 http fetch GET 200 https://registry.npmjs.org/mdast-util-gfm-footnote/-/mdast-util-gfm-footnote-2.1.0.tgz 826ms (cache miss)
1149 http fetch GET 200 https://registry.npmjs.org/locate-path/-/locate-path-6.0.0.tgz 832ms (cache miss)
1150 http fetch GET 200 https://registry.npmjs.org/levn/-/levn-0.4.1.tgz 833ms (cache miss)
1151 http fetch GET 200 https://registry.npmjs.org/mdast-util-to-markdown/-/mdast-util-to-markdown-2.1.2.tgz 841ms (cache miss)
1152 http fetch GET 200 https://registry.npmjs.org/keyv/-/keyv-4.5.4.tgz 842ms (cache miss)
1153 http fetch GET 200 https://registry.npmjs.org/mdast-util-gfm/-/mdast-util-gfm-3.1.0.tgz 1139ms (cache miss)
1154 http fetch GET 200 https://registry.npmjs.org/mdast-util-find-and-replace/-/mdast-util-find-and-replace-3.0.2.tgz 1145ms (cache miss)
1155 http fetch GET 200 https://registry.npmjs.org/language-tags/-/language-tags-1.0.9.tgz 1155ms (cache miss)
1156 http fetch GET 200 https://registry.npmjs.org/json-schema-traverse/-/json-schema-traverse-0.4.1.tgz 1157ms (cache miss)
1157 http fetch GET 200 https://registry.npmjs.org/lodash.merge/-/lodash.merge-4.6.2.tgz 1158ms (cache miss)
1158 http fetch GET 200 https://registry.npmjs.org/is-weakref/-/is-weakref-1.1.1.tgz 1161ms (cache miss)
1159 http fetch GET 200 https://registry.npmjs.org/math-intrinsics/-/math-intrinsics-1.1.0.tgz 1165ms (cache miss)
1160 http fetch GET 200 https://registry.npmjs.org/supports-color/-/supports-color-7.2.0.tgz 1179ms (cache miss)
1161 http fetch GET 200 https://registry.npmjs.org/json-buffer/-/json-buffer-3.0.1.tgz 1166ms (cache miss)
1162 http fetch GET 200 https://registry.npmjs.org/isexe/-/isexe-2.0.0.tgz 1168ms (cache miss)
1163 http fetch GET 200 https://registry.npmjs.org/is-weakmap/-/is-weakmap-2.0.2.tgz 1170ms (cache miss)
1164 http fetch GET 200 https://registry.npmjs.org/isarray/-/isarray-2.0.5.tgz 1170ms (cache miss)
1165 http fetch GET 200 https://registry.npmjs.org/is-regex/-/is-regex-1.2.1.tgz 1170ms (cache miss)
1166 http fetch GET 200 https://registry.npmjs.org/is-plain-obj/-/is-plain-obj-4.1.0.tgz 1170ms (cache miss)
1167 http fetch GET 200 https://registry.npmjs.org/is-typed-array/-/is-typed-array-1.1.15.tgz 1175ms (cache miss)
1168 http fetch GET 200 https://registry.npmjs.org/is-set/-/is-set-2.0.3.tgz 1176ms (cache miss)
1169 http fetch GET 200 https://registry.npmjs.org/is-number-object/-/is-number-object-1.1.1.tgz 1178ms (cache miss)
1170 http fetch GET 200 https://registry.npmjs.org/is-weakset/-/is-weakset-2.0.4.tgz 1179ms (cache miss)
1171 http fetch GET 200 https://registry.npmjs.org/iterator.prototype/-/iterator.prototype-1.1.5.tgz 1179ms (cache miss)
1172 http fetch GET 200 https://registry.npmjs.org/js-tokens/-/js-tokens-4.0.0.tgz 1180ms (cache miss)
1173 http fetch GET 200 https://registry.npmjs.org/is-string/-/is-string-1.1.1.tgz 1179ms (cache miss)
1174 http fetch GET 200 https://registry.npmjs.org/json-stable-stringify-without-jsonify/-/json-stable-stringify-without-jsonify-1.0.1.tgz 1181ms (cache miss)
1175 http fetch GET 200 https://registry.npmjs.org/is-decimal/-/is-decimal-2.0.1.tgz 1180ms (cache miss)
1176 http fetch GET 200 https://registry.npmjs.org/is-shared-array-buffer/-/is-shared-array-buffer-1.0.4.tgz 1181ms (cache miss)
1177 http fetch GET 200 https://registry.npmjs.org/is-negative-zero/-/is-negative-zero-2.0.3.tgz 1180ms (cache miss)
1178 http fetch GET 200 https://registry.npmjs.org/mdast-util-gfm-autolink-literal/-/mdast-util-gfm-autolink-literal-2.0.1.tgz 1184ms (cache miss)
1179 http fetch GET 200 https://registry.npmjs.org/is-data-view/-/is-data-view-1.0.2.tgz 1181ms (cache miss)
1180 http fetch GET 200 https://registry.npmjs.org/is-generator-function/-/is-generator-function-1.1.0.tgz 1182ms (cache miss)
1181 http fetch GET 200 https://registry.npmjs.org/is-finalizationregistry/-/is-finalizationregistry-1.1.1.tgz 1183ms (cache miss)
1182 http fetch GET 200 https://registry.npmjs.org/is-symbol/-/is-symbol-1.1.1.tgz 1184ms (cache miss)
1183 http fetch GET 200 https://registry.npmjs.org/is-hexadecimal/-/is-hexadecimal-2.0.1.tgz 1184ms (cache miss)
1184 http fetch GET 200 https://registry.npmjs.org/is-glob/-/is-glob-4.0.3.tgz 1186ms (cache miss)
1185 http fetch GET 200 https://registry.npmjs.org/is-callable/-/is-callable-1.2.7.tgz 1186ms (cache miss)
1186 http fetch GET 200 https://registry.npmjs.org/is-number/-/is-number-7.0.0.tgz 1186ms (cache miss)
1187 http fetch GET 200 https://registry.npmjs.org/is-boolean-object/-/is-boolean-object-1.2.2.tgz 1186ms (cache miss)
1188 http fetch GET 200 https://registry.npmjs.org/is-map/-/is-map-2.0.3.tgz 1189ms (cache miss)
1189 http fetch GET 200 https://registry.npmjs.org/is-extglob/-/is-extglob-2.1.1.tgz 1190ms (cache miss)
1190 http fetch GET 200 https://registry.npmjs.org/is-bigint/-/is-bigint-1.1.0.tgz 1191ms (cache miss)
1191 http fetch GET 200 https://registry.npmjs.org/is-bun-module/-/is-bun-module-2.0.0.tgz 1191ms (cache miss)
1192 http fetch GET 200 https://registry.npmjs.org/is-core-module/-/is-core-module-2.16.1.tgz 1191ms (cache miss)
1193 http fetch GET 200 https://registry.npmjs.org/is-alphanumerical/-/is-alphanumerical-2.0.1.tgz 1192ms (cache miss)
1194 http fetch GET 200 https://registry.npmjs.org/json5/-/json5-1.0.2.tgz 1198ms (cache miss)
1195 http fetch GET 200 https://registry.npmjs.org/html-void-elements/-/html-void-elements-3.0.0.tgz 1195ms (cache miss)
1196 http fetch GET 200 https://registry.npmjs.org/is-alphabetical/-/is-alphabetical-2.0.1.tgz 1197ms (cache miss)
1197 http fetch GET 200 https://registry.npmjs.org/is-date-object/-/is-date-object-1.1.0.tgz 1199ms (cache miss)
1198 http fetch GET 200 https://registry.npmjs.org/inline-style-parser/-/inline-style-parser-0.2.4.tgz 1199ms (cache miss)
1199 http fetch GET 200 https://registry.npmjs.org/import-fresh/-/import-fresh-3.3.1.tgz 1198ms (cache miss)
1200 http fetch GET 200 https://registry.npmjs.org/imurmurhash/-/imurmurhash-0.1.4.tgz 1199ms (cache miss)
1201 http fetch GET 200 https://registry.npmjs.org/is-array-buffer/-/is-array-buffer-3.0.5.tgz 1200ms (cache miss)
1202 http fetch GET 200 https://registry.npmjs.org/hast-util-whitespace/-/hast-util-whitespace-3.0.0.tgz 1200ms (cache miss)
1203 http fetch GET 200 https://registry.npmjs.org/ignore/-/ignore-5.3.2.tgz 1202ms (cache miss)
1204 http fetch GET 200 https://registry.npmjs.org/internal-slot/-/internal-slot-1.1.0.tgz 1204ms (cache miss)
1205 http fetch GET 200 https://registry.npmjs.org/hast-util-to-jsx-runtime/-/hast-util-to-jsx-runtime-2.3.6.tgz 1207ms (cache miss)
1206 http fetch GET 200 https://registry.npmjs.org/hast-util-sanitize/-/hast-util-sanitize-5.0.2.tgz 1219ms (cache miss)
1207 http fetch GET 200 https://registry.npmjs.org/is-async-function/-/is-async-function-2.1.1.tgz 1225ms (cache miss)
1208 http fetch GET 200 https://registry.npmjs.org/hast-util-raw/-/hast-util-raw-9.1.0.tgz 1224ms (cache miss)
1209 http fetch GET 200 https://registry.npmjs.org/hastscript/-/hastscript-9.0.1.tgz 1273ms (cache miss)
1210 http fetch GET 200 https://registry.npmjs.org/hasown/-/hasown-2.0.2.tgz 1281ms (cache miss)
1211 http fetch GET 200 https://registry.npmjs.org/has-tostringtag/-/has-tostringtag-1.0.2.tgz 1281ms (cache miss)
1212 http fetch GET 200 https://registry.npmjs.org/has-property-descriptors/-/has-property-descriptors-1.0.2.tgz 1282ms (cache miss)
1213 http fetch GET 200 https://registry.npmjs.org/gopd/-/gopd-1.2.0.tgz 1281ms (cache miss)
1214 http fetch GET 200 https://registry.npmjs.org/hast-util-parse-selector/-/hast-util-parse-selector-4.0.0.tgz 1282ms (cache miss)
1215 http fetch GET 200 https://registry.npmjs.org/html-url-attributes/-/html-url-attributes-3.0.1.tgz 1282ms (cache miss)
1216 http fetch GET 200 https://registry.npmjs.org/js-yaml/-/js-yaml-4.1.0.tgz 1287ms (cache miss)
1217 http fetch GET 200 https://registry.npmjs.org/has-flag/-/has-flag-4.0.0.tgz 1282ms (cache miss)
1218 http fetch GET 200 https://registry.npmjs.org/has-bigints/-/has-bigints-1.1.0.tgz 1282ms (cache miss)
1219 http fetch GET 200 https://registry.npmjs.org/hast-util-to-parse5/-/hast-util-to-parse5-8.0.0.tgz 1283ms (cache miss)
1220 http fetch GET 200 https://registry.npmjs.org/language-subtag-registry/-/language-subtag-registry-0.3.23.tgz 1296ms (cache miss)
1221 http fetch GET 200 https://registry.npmjs.org/hast-util-from-parse5/-/hast-util-from-parse5-8.0.3.tgz 1294ms (cache miss)
1222 http fetch GET 200 https://registry.npmjs.org/jsx-ast-utils/-/jsx-ast-utils-3.3.5.tgz 1301ms (cache miss)
1223 http fetch GET 200 https://registry.npmjs.org/glob-parent/-/glob-parent-6.0.2.tgz 1301ms (cache miss)
1224 http fetch GET 200 https://registry.npmjs.org/globals/-/globals-14.0.0.tgz 1308ms (cache miss)
1225 http fetch GET 200 https://registry.npmjs.org/has-proto/-/has-proto-1.2.0.tgz 1313ms (cache miss)
1226 http fetch GET 200 https://registry.npmjs.org/globalthis/-/globalthis-1.0.4.tgz 1330ms (cache miss)
1227 http fetch GET 200 https://registry.npmjs.org/functions-have-names/-/functions-have-names-1.2.3.tgz 1335ms (cache miss)
1228 http fetch GET 200 https://registry.npmjs.org/get-intrinsic/-/get-intrinsic-1.3.0.tgz 1336ms (cache miss)
1229 http fetch GET 200 https://registry.npmjs.org/has-symbols/-/has-symbols-1.1.0.tgz 1346ms (cache miss)
1230 http fetch GET 200 https://registry.npmjs.org/for-each/-/for-each-0.3.5.tgz 1351ms (cache miss)
1231 http fetch GET 200 https://registry.npmjs.org/function-bind/-/function-bind-1.1.2.tgz 1351ms (cache miss)
1232 http fetch GET 200 https://registry.npmjs.org/get-tsconfig/-/get-tsconfig-4.10.1.tgz 1375ms (cache miss)
1233 http fetch GET 200 https://registry.npmjs.org/flatted/-/flatted-3.3.3.tgz 1381ms (cache miss)
1234 http fetch GET 200 https://registry.npmjs.org/fast-json-stable-stringify/-/fast-json-stable-stringify-2.1.0.tgz 1384ms (cache miss)
1235 http fetch GET 200 https://registry.npmjs.org/flat-cache/-/flat-cache-4.0.1.tgz 1393ms (cache miss)
1236 http fetch GET 200 https://registry.npmjs.org/file-entry-cache/-/file-entry-cache-8.0.0.tgz 1401ms (cache miss)
1237 http fetch GET 200 https://registry.npmjs.org/get-symbol-description/-/get-symbol-description-1.1.0.tgz 1401ms (cache miss)
1238 http fetch GET 200 https://registry.npmjs.org/find-up/-/find-up-5.0.0.tgz 1404ms (cache miss)
1239 http fetch GET 200 https://registry.npmjs.org/fill-range/-/fill-range-7.1.1.tgz 1421ms (cache miss)
1240 http fetch GET 200 https://registry.npmjs.org/graphemer/-/graphemer-1.4.0.tgz 1424ms (cache miss)
1241 http fetch GET 200 https://registry.npmjs.org/intl-messageformat/-/intl-messageformat-10.7.16.tgz 1432ms (cache miss)
1242 http fetch GET 200 https://registry.npmjs.org/fast-deep-equal/-/fast-deep-equal-3.1.3.tgz 1427ms (cache miss)
1243 http fetch GET 200 https://registry.npmjs.org/extend/-/extend-3.0.2.tgz 1432ms (cache miss)
1244 http fetch GET 200 https://registry.npmjs.org/is-arrayish/-/is-arrayish-0.3.2.tgz 1452ms (cache miss)
1245 http fetch GET 200 https://registry.npmjs.org/estree-util-is-identifier-name/-/estree-util-is-identifier-name-3.0.0.tgz 1454ms (cache miss)
1246 http fetch GET 200 https://registry.npmjs.org/fast-levenshtein/-/fast-levenshtein-2.0.6.tgz 1458ms (cache miss)
1247 http fetch GET 200 https://registry.npmjs.org/fastq/-/fastq-1.19.1.tgz 1460ms (cache miss)
1248 http fetch GET 200 https://registry.npmjs.org/esrecurse/-/esrecurse-4.3.0.tgz 1473ms (cache miss)
1249 http fetch GET 200 https://registry.npmjs.org/estraverse/-/estraverse-5.3.0.tgz 1477ms (cache miss)
1250 http fetch GET 200 https://registry.npmjs.org/eslint-scope/-/eslint-scope-8.4.0.tgz 1481ms (cache miss)
1251 http fetch GET 200 https://registry.npmjs.org/esutils/-/esutils-2.0.3.tgz 1484ms (cache miss)
1252 http fetch GET 200 https://registry.npmjs.org/fast-glob/-/fast-glob-3.3.1.tgz 1485ms (cache miss)
1253 http fetch GET 200 https://registry.npmjs.org/espree/-/espree-10.4.0.tgz 1484ms (cache miss)
1254 http fetch GET 200 https://registry.npmjs.org/escape-string-regexp/-/escape-string-regexp-4.0.0.tgz 1508ms (cache miss)
1255 http fetch GET 200 https://registry.npmjs.org/eslint-import-resolver-typescript/-/eslint-import-resolver-typescript-3.10.1.tgz 1511ms (cache miss)
1256 http fetch GET 200 https://registry.npmjs.org/eslint-config-next/-/eslint-config-next-15.5.2.tgz 1517ms (cache miss)
1257 http fetch GET 200 https://registry.npmjs.org/eslint-import-resolver-node/-/eslint-import-resolver-node-0.3.9.tgz 1523ms (cache miss)
1258 http fetch GET 200 https://registry.npmjs.org/get-proto/-/get-proto-1.0.1.tgz 1544ms (cache miss)
1259 http fetch GET 200 https://registry.npmjs.org/es-shim-unscopables/-/es-shim-unscopables-1.1.0.tgz 1546ms (cache miss)
1260 http fetch GET 200 https://registry.npmjs.org/eslint-visitor-keys/-/eslint-visitor-keys-4.2.1.tgz 1552ms (cache miss)
1261 http fetch GET 200 https://registry.npmjs.org/eslint-module-utils/-/eslint-module-utils-2.12.1.tgz 1559ms (cache miss)
1262 http fetch GET 200 https://registry.npmjs.org/eslint-plugin-react-hooks/-/eslint-plugin-react-hooks-5.2.0.tgz 1566ms (cache miss)
1263 http fetch GET 200 https://registry.npmjs.org/esquery/-/esquery-1.6.0.tgz 1577ms (cache miss)
1264 http fetch GET 200 https://registry.npmjs.org/es-iterator-helpers/-/es-iterator-helpers-1.2.1.tgz 1588ms (cache miss)
1265 http fetch GET 200 https://registry.npmjs.org/es-to-primitive/-/es-to-primitive-1.3.0.tgz 1592ms (cache miss)
1266 http fetch GET 200 https://registry.npmjs.org/es-define-property/-/es-define-property-1.0.1.tgz 1604ms (cache miss)
1267 http fetch GET 200 https://registry.npmjs.org/es-object-atoms/-/es-object-atoms-1.1.1.tgz 1610ms (cache miss)
1268 http fetch GET 200 https://registry.npmjs.org/es-errors/-/es-errors-1.3.0.tgz 1619ms (cache miss)
1269 http fetch GET 200 https://registry.npmjs.org/jiti/-/jiti-2.5.1.tgz 1633ms (cache miss)
1270 http fetch GET 200 https://registry.npmjs.org/dunder-proto/-/dunder-proto-1.0.1.tgz 1636ms (cache miss)
1271 http fetch GET 200 https://registry.npmjs.org/function.prototype.name/-/function.prototype.name-1.1.8.tgz 1640ms (cache miss)
1272 http fetch GET 200 https://registry.npmjs.org/emoji-regex/-/emoji-regex-9.2.2.tgz 1646ms (cache miss)
1273 http fetch GET 200 https://registry.npmjs.org/doctrine/-/doctrine-2.1.0.tgz 1668ms (cache miss)
1274 http fetch GET 200 https://registry.npmjs.org/devlop/-/devlop-1.1.0.tgz 1676ms (cache miss)
1275 http fetch GET 200 https://registry.npmjs.org/define-properties/-/define-properties-1.2.1.tgz 1677ms (cache miss)
1276 http fetch GET 200 https://registry.npmjs.org/decode-named-character-reference/-/decode-named-character-reference-1.2.0.tgz 1686ms (cache miss)
1277 http fetch GET 200 https://registry.npmjs.org/es-set-tostringtag/-/es-set-tostringtag-2.1.0.tgz 1719ms (cache miss)
1278 http fetch GET 200 https://registry.npmjs.org/dequal/-/dequal-2.0.3.tgz 1721ms (cache miss)
1279 http fetch GET 200 https://registry.npmjs.org/detect-libc/-/detect-libc-2.0.4.tgz 1722ms (cache miss)
1280 http fetch GET 200 https://registry.npmjs.org/data-view-byte-offset/-/data-view-byte-offset-1.0.1.tgz 1725ms (cache miss)
1281 http fetch GET 200 https://registry.npmjs.org/define-data-property/-/define-data-property-1.1.4.tgz 1726ms (cache miss)
1282 http fetch GET 200 https://registry.npmjs.org/data-view-buffer/-/data-view-buffer-1.0.2.tgz 1727ms (cache miss)
1283 http fetch GET 200 https://registry.npmjs.org/entities/-/entities-6.0.1.tgz 1729ms (cache miss)
1284 http fetch GET 200 https://registry.npmjs.org/decimal.js/-/decimal.js-10.6.0.tgz 1731ms (cache miss)
1285 http fetch GET 200 https://registry.npmjs.org/debug/-/debug-4.4.1.tgz 1731ms (cache miss)
1286 http fetch GET 200 https://registry.npmjs.org/concat-map/-/concat-map-0.0.1.tgz 1741ms (cache miss)
1287 http fetch GET 200 https://registry.npmjs.org/damerau-levenshtein/-/damerau-levenshtein-1.0.8.tgz 1741ms (cache miss)
1288 http fetch GET 200 https://registry.npmjs.org/color-name/-/color-name-1.1.4.tgz 1766ms (cache miss)
1289 http fetch GET 200 https://registry.npmjs.org/cross-spawn/-/cross-spawn-7.0.6.tgz 1767ms (cache miss)
1290 http fetch GET 200 https://registry.npmjs.org/comma-separated-tokens/-/comma-separated-tokens-2.0.3.tgz 1768ms (cache miss)
1291 http fetch GET 200 https://registry.npmjs.org/eslint-plugin-react/-/eslint-plugin-react-7.37.5.tgz 1780ms (cache miss)
1292 http fetch GET 200 https://registry.npmjs.org/color-string/-/color-string-1.9.1.tgz 1792ms (cache miss)
1293 http fetch GET 200 https://registry.npmjs.org/deep-is/-/deep-is-0.1.4.tgz 1792ms (cache miss)
1294 http fetch GET 200 https://registry.npmjs.org/color-convert/-/color-convert-2.0.1.tgz 1799ms (cache miss)
1295 http fetch GET 200 https://registry.npmjs.org/character-reference-invalid/-/character-reference-invalid-2.0.1.tgz 1804ms (cache miss)
1296 http fetch GET 200 https://registry.npmjs.org/color/-/color-4.2.3.tgz 1805ms (cache miss)
1297 http fetch GET 200 https://registry.npmjs.org/client-only/-/client-only-0.0.1.tgz 1818ms (cache miss)
1298 http fetch GET 200 https://registry.npmjs.org/ccount/-/ccount-2.0.1.tgz 1835ms (cache miss)
1299 http fetch GET 200 https://registry.npmjs.org/character-entities-legacy/-/character-entities-legacy-3.0.0.tgz 1835ms (cache miss)
1300 http fetch GET 200 https://registry.npmjs.org/csstype/-/csstype-3.1.3.tgz 1839ms (cache miss)
1301 http fetch GET 200 https://registry.npmjs.org/callsites/-/callsites-3.1.0.tgz 1840ms (cache miss)
1302 http fetch GET 200 https://registry.npmjs.org/eslint/-/eslint-9.34.0.tgz 1844ms (cache miss)
1303 http fetch GET 200 https://registry.npmjs.org/call-bind/-/call-bind-1.0.8.tgz 1841ms (cache miss)
1304 http fetch GET 200 https://registry.npmjs.org/bail/-/bail-2.0.2.tgz 1876ms (cache miss)
1305 http fetch GET 200 https://registry.npmjs.org/balanced-match/-/balanced-match-1.0.2.tgz 1877ms (cache miss)
1306 http fetch GET 200 https://registry.npmjs.org/brace-expansion/-/brace-expansion-1.1.12.tgz 1879ms (cache miss)
1307 http fetch GET 200 https://registry.npmjs.org/character-entities-html4/-/character-entities-html4-2.1.0.tgz 1887ms (cache miss)
1308 http fetch GET 200 https://registry.npmjs.org/braces/-/braces-3.0.3.tgz 1886ms (cache miss)
1309 http fetch GET 200 https://registry.npmjs.org/call-bound/-/call-bound-1.0.4.tgz 1907ms (cache miss)
1310 http fetch GET 200 https://registry.npmjs.org/array.prototype.tosorted/-/array.prototype.tosorted-1.1.4.tgz 1933ms (cache miss)
1311 http fetch GET 200 https://registry.npmjs.org/available-typed-arrays/-/available-typed-arrays-1.0.7.tgz 1933ms (cache miss)
1312 http fetch GET 200 https://registry.npmjs.org/async-function/-/async-function-1.0.0.tgz 1936ms (cache miss)
1313 http fetch GET 200 https://registry.npmjs.org/axobject-query/-/axobject-query-4.1.0.tgz 1941ms (cache miss)
1314 http fetch GET 200 https://registry.npmjs.org/chalk/-/chalk-4.1.2.tgz 1952ms (cache miss)
1315 http fetch GET 200 https://registry.npmjs.org/data-view-byte-length/-/data-view-byte-length-1.0.2.tgz 1959ms (cache miss)
1316 http fetch GET 200 https://registry.npmjs.org/character-entities/-/character-entities-2.0.2.tgz 1971ms (cache miss)
1317 http fetch GET 200 https://registry.npmjs.org/array.prototype.flat/-/array.prototype.flat-1.3.3.tgz 1977ms (cache miss)
1318 http fetch GET 200 https://registry.npmjs.org/caniuse-lite/-/caniuse-lite-1.0.30001739.tgz 1983ms (cache miss)
1319 http fetch GET 200 https://registry.npmjs.org/array-buffer-byte-length/-/array-buffer-byte-length-1.0.2.tgz 1988ms (cache miss)
1320 http fetch GET 200 https://registry.npmjs.org/array.prototype.flatmap/-/array.prototype.flatmap-1.3.3.tgz 1990ms (cache miss)
1321 http fetch GET 200 https://registry.npmjs.org/array.prototype.findlastindex/-/array.prototype.findlastindex-1.2.6.tgz 2002ms (cache miss)
1322 http fetch GET 200 https://registry.npmjs.org/ast-types-flow/-/ast-types-flow-0.0.8.tgz 2003ms (cache miss)
1323 http fetch GET 200 https://registry.npmjs.org/ansi-styles/-/ansi-styles-4.3.0.tgz 2027ms (cache miss)
1324 http fetch GET 200 https://registry.npmjs.org/acorn-jsx/-/acorn-jsx-5.3.2.tgz 2027ms (cache miss)
1325 http fetch GET 200 https://registry.npmjs.org/array.prototype.findlast/-/array.prototype.findlast-1.2.5.tgz 2033ms (cache miss)
1326 http fetch GET 200 https://registry.npmjs.org/arraybuffer.prototype.slice/-/arraybuffer.prototype.slice-1.0.4.tgz 2036ms (cache miss)
1327 http fetch GET 200 https://registry.npmjs.org/aria-query/-/aria-query-5.3.2.tgz 2049ms (cache miss)
1328 http fetch GET 200 https://registry.npmjs.org/array-includes/-/array-includes-3.1.9.tgz 2059ms (cache miss)
1329 http fetch GET 200 https://registry.npmjs.org/acorn/-/acorn-8.15.0.tgz 2061ms (cache miss)
1330 http fetch GET 200 https://registry.npmjs.org/@ungap/structured-clone/-/structured-clone-1.3.0.tgz 2087ms (cache miss)
1331 http fetch GET 200 https://registry.npmjs.org/@unrs/resolver-binding-darwin-arm64/-/resolver-binding-darwin-arm64-1.11.1.tgz 2097ms (cache miss)
1332 http fetch GET 200 https://registry.npmjs.org/@typescript-eslint/project-service/-/project-service-8.42.0.tgz 2106ms (cache miss)
1333 http fetch GET 200 https://registry.npmjs.org/argparse/-/argparse-2.0.1.tgz 2109ms (cache miss)
1334 http fetch GET 200 https://registry.npmjs.org/axe-core/-/axe-core-4.10.3.tgz 2114ms (cache miss)
1335 http fetch GET 200 https://registry.npmjs.org/@typescript-eslint/typescript-estree/-/typescript-estree-8.42.0.tgz 2164ms (cache miss)
1336 http fetch GET 200 https://registry.npmjs.org/@typescript-eslint/utils/-/utils-8.42.0.tgz 2165ms (cache miss)
1337 http fetch GET 200 https://registry.npmjs.org/@typescript-eslint/tsconfig-utils/-/tsconfig-utils-8.42.0.tgz 2170ms (cache miss)
1338 http fetch GET 200 https://registry.npmjs.org/@typescript-eslint/parser/-/parser-8.42.0.tgz 2170ms (cache miss)
1339 http fetch GET 200 https://registry.npmjs.org/@typescript-eslint/visitor-keys/-/visitor-keys-8.42.0.tgz 2170ms (cache miss)
1340 http fetch GET 200 https://registry.npmjs.org/@typescript-eslint/types/-/types-8.42.0.tgz 2172ms (cache miss)
1341 http fetch GET 200 https://registry.npmjs.org/@types/react-dom/-/react-dom-19.1.9.tgz 2180ms (cache miss)
1342 http fetch GET 200 https://registry.npmjs.org/@typescript-eslint/type-utils/-/type-utils-8.42.0.tgz 2186ms (cache miss)
1343 http fetch GET 200 https://registry.npmjs.org/@types/react/-/react-19.1.12.tgz 2196ms (cache miss)
1344 http fetch GET 200 https://registry.npmjs.org/call-bind-apply-helpers/-/call-bind-apply-helpers-1.0.2.tgz 2208ms (cache miss)
1345 http fetch GET 200 https://registry.npmjs.org/@types/ms/-/ms-2.1.0.tgz 2210ms (cache miss)
1346 http fetch GET 200 https://registry.npmjs.org/@types/json5/-/json5-0.0.29.tgz 2214ms (cache miss)
1347 http fetch GET 200 https://registry.npmjs.org/@types/json-schema/-/json-schema-7.0.15.tgz 2218ms (cache miss)
1348 http fetch GET 200 https://registry.npmjs.org/eslint-plugin-jsx-a11y/-/eslint-plugin-jsx-a11y-6.10.2.tgz 2227ms (cache miss)
1349 http fetch GET 200 https://registry.npmjs.org/ajv/-/ajv-6.12.6.tgz 2235ms (cache miss)
1350 http fetch GET 200 https://registry.npmjs.org/eslint-plugin-import/-/eslint-plugin-import-2.32.0.tgz 2256ms (cache miss)
1351 http fetch GET 200 https://registry.npmjs.org/@types/unist/-/unist-3.0.3.tgz 2248ms (cache miss)
1352 http fetch GET 200 https://registry.npmjs.org/@types/estree/-/estree-1.0.8.tgz 2249ms (cache miss)
1353 http fetch GET 200 https://registry.npmjs.org/@types/debug/-/debug-4.1.12.tgz 2249ms (cache miss)
1354 http fetch GET 200 https://registry.npmjs.org/@types/hast/-/hast-3.0.4.tgz 2254ms (cache miss)
1355 http fetch GET 200 https://registry.npmjs.org/@nolyfill/is-core-module/-/is-core-module-1.0.39.tgz 2271ms (cache miss)
1356 http fetch GET 200 https://registry.npmjs.org/@types/estree-jsx/-/estree-jsx-1.0.5.tgz 2273ms (cache miss)
1357 http fetch GET 200 https://registry.npmjs.org/@types/node/-/node-20.19.11.tgz 2286ms (cache miss)
1358 http fetch GET 200 https://registry.npmjs.org/@nodelib/fs.scandir/-/fs.scandir-2.1.5.tgz 2290ms (cache miss)
1359 http fetch GET 200 https://registry.npmjs.org/@rtsao/scc/-/scc-1.1.0.tgz 2293ms (cache miss)
1360 http fetch GET 200 https://registry.npmjs.org/@nodelib/fs.stat/-/fs.stat-2.0.5.tgz 2296ms (cache miss)
1361 http fetch GET 200 https://registry.npmjs.org/@nodelib/fs.walk/-/fs.walk-1.2.8.tgz 2306ms (cache miss)
1362 http fetch GET 200 https://registry.npmjs.org/@humanwhocodes/retry/-/retry-0.4.3.tgz 2328ms (cache miss)
1363 http fetch GET 200 https://registry.npmjs.org/@typescript-eslint/scope-manager/-/scope-manager-8.42.0.tgz 2333ms (cache miss)
1364 http fetch GET 200 https://registry.npmjs.org/@next/env/-/env-15.5.2.tgz 2332ms (cache miss)
1365 http fetch GET 200 https://registry.npmjs.org/@humanwhocodes/module-importer/-/module-importer-1.0.1.tgz 2336ms (cache miss)
1366 http fetch GET 200 https://registry.npmjs.org/@humanfs/node/-/node-0.16.6.tgz 2351ms (cache miss)
1367 http fetch GET 200 https://registry.npmjs.org/@next/eslint-plugin-next/-/eslint-plugin-next-15.5.2.tgz 2355ms (cache miss)
1368 http fetch GET 200 https://registry.npmjs.org/@rushstack/eslint-patch/-/eslint-patch-1.12.0.tgz 2371ms (cache miss)
1369 http fetch GET 200 https://registry.npmjs.org/@tybys/wasm-util/-/wasm-util-0.10.0.tgz 2384ms (cache miss)
1370 http fetch GET 200 https://registry.npmjs.org/@eslint/object-schema/-/object-schema-2.1.6.tgz 2398ms (cache miss)
1371 http fetch GET 200 https://registry.npmjs.org/@humanfs/core/-/core-0.19.1.tgz 2402ms (cache miss)
1372 http fetch GET 200 https://registry.npmjs.org/@formatjs/icu-messageformat-parser/-/icu-messageformat-parser-2.11.2.tgz 2409ms (cache miss)
1373 http fetch GET 200 https://registry.npmjs.org/@formatjs/icu-skeleton-parser/-/icu-skeleton-parser-1.8.14.tgz 2418ms (cache miss)
1374 http fetch GET 200 https://registry.npmjs.org/@eslint/core/-/core-0.15.2.tgz 2431ms (cache miss)
1375 http fetch GET 200 https://registry.npmjs.org/@formatjs/fast-memoize/-/fast-memoize-2.2.7.tgz 2439ms (cache miss)
1376 http fetch GET 200 https://registry.npmjs.org/@typescript-eslint/eslint-plugin/-/eslint-plugin-8.42.0.tgz 2459ms (cache miss)
1377 http fetch GET 200 https://registry.npmjs.org/@eslint/config-helpers/-/config-helpers-0.3.1.tgz 2462ms (cache miss)
1378 http fetch GET 200 https://registry.npmjs.org/@img/sharp-darwin-arm64/-/sharp-darwin-arm64-0.34.3.tgz 2468ms (cache miss)
1379 http fetch GET 200 https://registry.npmjs.org/@eslint-community/regexpp/-/regexpp-4.12.1.tgz 2468ms (cache miss)
1380 http fetch GET 200 https://registry.npmjs.org/@eslint/js/-/js-9.34.0.tgz 2474ms (cache miss)
1381 http fetch GET 200 https://registry.npmjs.org/@eslint/config-array/-/config-array-0.21.0.tgz 2479ms (cache miss)
1382 http fetch GET 200 https://registry.npmjs.org/fdir/-/fdir-6.5.0.tgz 2530ms (cache miss)
1383 http fetch GET 200 https://registry.npmjs.org/@eslint/eslintrc/-/eslintrc-3.3.1.tgz 2544ms (cache miss)
1384 http fetch GET 200 https://registry.npmjs.org/picomatch/-/picomatch-4.0.3.tgz 2540ms (cache miss)
1385 http fetch GET 200 https://registry.npmjs.org/@schummar/icu-type-parser/-/icu-type-parser-1.21.5.tgz 2551ms (cache miss)
1386 http fetch GET 200 https://registry.npmjs.org/@formatjs/ecma402-abstract/-/ecma402-abstract-2.3.4.tgz 2550ms (cache miss)
1387 http fetch GET 200 https://registry.npmjs.org/@eslint/plugin-kit/-/plugin-kit-0.3.5.tgz 2550ms (cache miss)
1388 http fetch GET 200 https://registry.npmjs.org/@eslint-community/eslint-utils/-/eslint-utils-4.7.0.tgz 2551ms (cache miss)
1389 http fetch GET 200 https://registry.npmjs.org/@emnapi/runtime/-/runtime-1.5.0.tgz 2554ms (cache miss)
1390 http fetch GET 200 https://registry.npmjs.org/escape-string-regexp/-/escape-string-regexp-5.0.0.tgz 2554ms (cache miss)
1391 http fetch GET 200 https://registry.npmjs.org/@emnapi/wasi-threads/-/wasi-threads-1.1.0.tgz 2560ms (cache miss)
1392 http fetch GET 200 https://registry.npmjs.org/postcss/-/postcss-8.4.31.tgz 2560ms (cache miss)
1393 http fetch GET 200 https://registry.npmjs.org/@swc/helpers/-/helpers-0.5.15.tgz 2567ms (cache miss)
1394 http fetch GET 200 https://registry.npmjs.org/semver/-/semver-6.3.1.tgz 2570ms (cache miss)
1395 http fetch GET 200 https://registry.npmjs.org/glob-parent/-/glob-parent-5.1.2.tgz 2578ms (cache miss)
1396 http fetch GET 200 https://registry.npmjs.org/property-information/-/property-information-6.5.0.tgz 2580ms (cache miss)
1397 http fetch GET 200 https://registry.npmjs.org/@types/unist/-/unist-2.0.11.tgz 2580ms (cache miss)
1398 http fetch GET 200 https://registry.npmjs.org/semver/-/semver-6.3.1.tgz 2580ms (cache miss)
1399 http fetch GET 200 https://registry.npmjs.org/@emnapi/core/-/core-1.5.0.tgz 2586ms (cache miss)
1400 http fetch GET 200 https://registry.npmjs.org/glob-parent/-/glob-parent-5.1.2.tgz 2593ms (cache miss)
1401 http fetch GET 200 https://registry.npmjs.org/debug/-/debug-3.2.7.tgz 2594ms (cache miss)
1402 http fetch GET 200 https://registry.npmjs.org/brace-expansion/-/brace-expansion-2.0.2.tgz 2594ms (cache miss)
1403 http fetch GET 200 https://registry.npmjs.org/debug/-/debug-3.2.7.tgz 2595ms (cache miss)
1404 http fetch GET 200 https://registry.npmjs.org/eslint-visitor-keys/-/eslint-visitor-keys-3.4.3.tgz 2608ms (cache miss)
1405 http fetch GET 200 https://registry.npmjs.org/debug/-/debug-3.2.7.tgz 2610ms (cache miss)
1406 http fetch GET 200 https://registry.npmjs.org/ignore/-/ignore-7.0.5.tgz 2620ms (cache miss)
1407 http fetch GET 200 https://registry.npmjs.org/@napi-rs/wasm-runtime/-/wasm-runtime-0.2.12.tgz 2628ms (cache miss)
1408 http fetch GET 200 https://registry.npmjs.org/fast-glob/-/fast-glob-3.3.3.tgz 2627ms (cache miss)
1409 http fetch GET 200 https://registry.npmjs.org/es-abstract/-/es-abstract-1.24.0.tgz 2644ms (cache miss)
1410 http fetch GET 200 https://registry.npmjs.org/@humanwhocodes/retry/-/retry-0.3.1.tgz 2638ms (cache miss)
1411 http fetch GET 200 https://registry.npmjs.org/resolve/-/resolve-2.0.0-next.5.tgz 2645ms (cache miss)
1412 http fetch GET 200 https://registry.npmjs.org/@formatjs/intl-localematcher/-/intl-localematcher-0.6.1.tgz 2651ms (cache miss)
1413 http fetch GET 200 https://registry.npmjs.org/@types/mdast/-/mdast-4.0.4.tgz 2670ms (cache miss)
1414 http fetch GET 200 https://registry.npmjs.org/minimatch/-/minimatch-9.0.5.tgz 2674ms (cache miss)
1415 http fetch GET 200 https://registry.npmjs.org/@formatjs/intl-localematcher/-/intl-localematcher-0.5.10.tgz 2915ms (cache miss)
1416 http fetch GET 200 https://registry.npmjs.org/next/-/next-15.5.2.tgz 3761ms (cache miss)
1417 http fetch GET 200 https://registry.npmjs.org/@next/swc-darwin-arm64/-/swc-darwin-arm64-15.5.2.tgz 4536ms (cache miss)
1418 http fetch GET 200 https://registry.npmjs.org/@img/sharp-libvips-darwin-arm64/-/sharp-libvips-darwin-arm64-1.2.0.tgz 4648ms (cache miss)
1419 info run sharp@0.34.3 install node_modules/sharp node install/check.js
1420 info run sharp@0.34.3 install { code: 0, signal: null }
1421 info run unrs-resolver@1.11.1 postinstall node_modules/unrs-resolver napi-postinstall unrs-resolver 1.11.1 check
1422 info run unrs-resolver@1.11.1 postinstall { code: 0, signal: null }
1423 silly ADD node_modules/zwitch
1424 silly ADD node_modules/yocto-queue
1425 silly ADD node_modules/word-wrap
1426 silly ADD node_modules/which-typed-array
1427 silly ADD node_modules/which-collection
1428 silly ADD node_modules/which-builtin-type
1429 silly ADD node_modules/which-boxed-primitive
1430 silly ADD node_modules/which
1431 silly ADD node_modules/web-namespaces
1432 silly ADD node_modules/vfile-message
1433 silly ADD node_modules/vfile-location
1434 silly ADD node_modules/vfile
1435 silly ADD node_modules/use-intl
1436 silly ADD node_modules/uri-js
1437 silly ADD node_modules/unrs-resolver
1438 silly ADD node_modules/unist-util-visit-parents
1439 silly ADD node_modules/unist-util-visit
1440 silly ADD node_modules/unist-util-stringify-position
1441 silly ADD node_modules/unist-util-position
1442 silly ADD node_modules/unist-util-is
1443 silly ADD node_modules/unified
1444 silly ADD node_modules/undici-types
1445 silly ADD node_modules/unbox-primitive
1446 silly ADD node_modules/typescript
1447 silly ADD node_modules/typed-array-length
1448 silly ADD node_modules/typed-array-byte-offset
1449 silly ADD node_modules/typed-array-byte-length
1450 silly ADD node_modules/typed-array-buffer
1451 silly ADD node_modules/type-check
1452 silly ADD node_modules/tslib
1453 silly ADD node_modules/tsconfig-paths
1454 silly ADD node_modules/ts-api-utils
1455 silly ADD node_modules/trough
1456 silly ADD node_modules/trim-lines
1457 silly ADD node_modules/to-regex-range
1458 silly ADD node_modules/tinyglobby
1459 silly ADD node_modules/tinyglobby/node_modules/picomatch
1460 silly ADD node_modules/tinyglobby/node_modules/fdir
1461 silly ADD node_modules/supports-preserve-symlinks-flag
1462 silly ADD node_modules/supports-color
1463 silly ADD node_modules/styled-jsx
1464 silly ADD node_modules/style-to-object
1465 silly ADD node_modules/style-to-js
1466 silly ADD node_modules/strip-json-comments
1467 silly ADD node_modules/strip-bom
1468 silly ADD node_modules/stringify-entities
1469 silly ADD node_modules/string.prototype.trimstart
1470 silly ADD node_modules/string.prototype.trimend
1471 silly ADD node_modules/string.prototype.trim
1472 silly ADD node_modules/string.prototype.repeat
1473 silly ADD node_modules/string.prototype.matchall
1474 silly ADD node_modules/string.prototype.includes
1475 silly ADD node_modules/stop-iteration-iterator
1476 silly ADD node_modules/stable-hash
1477 silly ADD node_modules/space-separated-tokens
1478 silly ADD node_modules/source-map-js
1479 silly ADD node_modules/simple-swizzle
1480 silly ADD node_modules/side-channel-weakmap
1481 silly ADD node_modules/side-channel-map
1482 silly ADD node_modules/side-channel-list
1483 silly ADD node_modules/side-channel
1484 silly ADD node_modules/shebang-regex
1485 silly ADD node_modules/shebang-command
1486 silly ADD node_modules/sharp
1487 silly ADD node_modules/set-proto
1488 silly ADD node_modules/set-function-name
1489 silly ADD node_modules/set-function-length
1490 silly ADD node_modules/semver
1491 silly ADD node_modules/scheduler
1492 silly ADD node_modules/safe-regex-test
1493 silly ADD node_modules/safe-push-apply
1494 silly ADD node_modules/safe-array-concat
1495 silly ADD node_modules/run-parallel
1496 silly ADD node_modules/reusify
1497 silly ADD node_modules/resolve-pkg-maps
1498 silly ADD node_modules/resolve-from
1499 silly ADD node_modules/resolve
1500 silly ADD node_modules/remark-stringify
1501 silly ADD node_modules/remark-rehype
1502 silly ADD node_modules/remark-parse
1503 silly ADD node_modules/remark-gfm
1504 silly ADD node_modules/rehype-sanitize
1505 silly ADD node_modules/rehype-raw
1506 silly ADD node_modules/regexp.prototype.flags
1507 silly ADD node_modules/reflect.getprototypeof
1508 silly ADD node_modules/react-markdown
1509 silly ADD node_modules/react-is
1510 silly ADD node_modules/react-dom
1511 silly ADD node_modules/react
1512 silly ADD node_modules/queue-microtask
1513 silly ADD node_modules/punycode
1514 silly ADD node_modules/property-information
1515 silly ADD node_modules/prop-types
1516 silly ADD node_modules/prelude-ls
1517 silly ADD node_modules/possible-typed-array-names
1518 silly ADD node_modules/picomatch
1519 silly ADD node_modules/picocolors
1520 silly ADD node_modules/path-parse
1521 silly ADD node_modules/path-key
1522 silly ADD node_modules/path-exists
1523 silly ADD node_modules/parse5
1524 silly ADD node_modules/parse-entities
1525 silly ADD node_modules/parse-entities/node_modules/@types/unist
1526 silly ADD node_modules/parent-module
1527 silly ADD node_modules/p-locate
1528 silly ADD node_modules/p-limit
1529 silly ADD node_modules/own-keys
1530 silly ADD node_modules/optionator
1531 silly ADD node_modules/object.values
1532 silly ADD node_modules/object.groupby
1533 silly ADD node_modules/object.fromentries
1534 silly ADD node_modules/object.entries
1535 silly ADD node_modules/object.assign
1536 silly ADD node_modules/object-keys
1537 silly ADD node_modules/object-inspect
1538 silly ADD node_modules/object-assign
1539 silly ADD node_modules/next-intl
1540 silly ADD node_modules/next
1541 silly ADD node_modules/next/node_modules/postcss
1542 silly ADD node_modules/negotiator
1543 silly ADD node_modules/natural-compare
1544 silly ADD node_modules/napi-postinstall
1545 silly ADD node_modules/nanoid
1546 silly ADD node_modules/ms
1547 silly ADD node_modules/minimist
1548 silly ADD node_modules/minimatch
1549 silly ADD node_modules/micromatch
1550 silly ADD node_modules/micromark-util-types
1551 silly ADD node_modules/micromark-util-symbol
1552 silly ADD node_modules/micromark-util-subtokenize
1553 silly ADD node_modules/micromark-util-sanitize-uri
1554 silly ADD node_modules/micromark-util-resolve-all
1555 silly ADD node_modules/micromark-util-normalize-identifier
1556 silly ADD node_modules/micromark-util-html-tag-name
1557 silly ADD node_modules/micromark-util-encode
1558 silly ADD node_modules/micromark-util-decode-string
1559 silly ADD node_modules/micromark-util-decode-numeric-character-reference
1560 silly ADD node_modules/micromark-util-combine-extensions
1561 silly ADD node_modules/micromark-util-classify-character
1562 silly ADD node_modules/micromark-util-chunked
1563 silly ADD node_modules/micromark-util-character
1564 silly ADD node_modules/micromark-factory-whitespace
1565 silly ADD node_modules/micromark-factory-title
1566 silly ADD node_modules/micromark-factory-space
1567 silly ADD node_modules/micromark-factory-label
1568 silly ADD node_modules/micromark-factory-destination
1569 silly ADD node_modules/micromark-extension-gfm-task-list-item
1570 silly ADD node_modules/micromark-extension-gfm-tagfilter
1571 silly ADD node_modules/micromark-extension-gfm-table
1572 silly ADD node_modules/micromark-extension-gfm-strikethrough
1573 silly ADD node_modules/micromark-extension-gfm-footnote
1574 silly ADD node_modules/micromark-extension-gfm-autolink-literal
1575 silly ADD node_modules/micromark-extension-gfm
1576 silly ADD node_modules/micromark-core-commonmark
1577 silly ADD node_modules/micromark
1578 silly ADD node_modules/merge2
1579 silly ADD node_modules/mdast-util-to-string
1580 silly ADD node_modules/mdast-util-to-markdown
1581 silly ADD node_modules/mdast-util-to-hast
1582 silly ADD node_modules/mdast-util-phrasing
1583 silly ADD node_modules/mdast-util-mdxjs-esm
1584 silly ADD node_modules/mdast-util-mdx-jsx
1585 silly ADD node_modules/mdast-util-mdx-expression
1586 silly ADD node_modules/mdast-util-gfm-task-list-item
1587 silly ADD node_modules/mdast-util-gfm-table
1588 silly ADD node_modules/mdast-util-gfm-strikethrough
1589 silly ADD node_modules/mdast-util-gfm-footnote
1590 silly ADD node_modules/mdast-util-gfm-autolink-literal
1591 silly ADD node_modules/mdast-util-gfm
1592 silly ADD node_modules/mdast-util-from-markdown
1593 silly ADD node_modules/mdast-util-find-and-replace
1594 silly ADD node_modules/mdast-util-find-and-replace/node_modules/escape-string-regexp
1595 silly ADD node_modules/math-intrinsics
1596 silly ADD node_modules/markdown-table
1597 silly ADD node_modules/loose-envify
1598 silly ADD node_modules/longest-streak
1599 silly ADD node_modules/lodash.merge
1600 silly ADD node_modules/locate-path
1601 silly ADD node_modules/levn
1602 silly ADD node_modules/language-tags
1603 silly ADD node_modules/language-subtag-registry
1604 silly ADD node_modules/keyv
1605 silly ADD node_modules/jsx-ast-utils
1606 silly ADD node_modules/json5
1607 silly ADD node_modules/json-stable-stringify-without-jsonify
1608 silly ADD node_modules/json-schema-traverse
1609 silly ADD node_modules/json-buffer
1610 silly ADD node_modules/js-yaml
1611 silly ADD node_modules/js-tokens
1612 silly ADD node_modules/jiti
1613 silly ADD node_modules/iterator.prototype
1614 silly ADD node_modules/isexe
1615 silly ADD node_modules/isarray
1616 silly ADD node_modules/is-weakset
1617 silly ADD node_modules/is-weakref
1618 silly ADD node_modules/is-weakmap
1619 silly ADD node_modules/is-typed-array
1620 silly ADD node_modules/is-symbol
1621 silly ADD node_modules/is-string
1622 silly ADD node_modules/is-shared-array-buffer
1623 silly ADD node_modules/is-set
1624 silly ADD node_modules/is-regex
1625 silly ADD node_modules/is-plain-obj
1626 silly ADD node_modules/is-number-object
1627 silly ADD node_modules/is-number
1628 silly ADD node_modules/is-negative-zero
1629 silly ADD node_modules/is-map
1630 silly ADD node_modules/is-hexadecimal
1631 silly ADD node_modules/is-glob
1632 silly ADD node_modules/is-generator-function
1633 silly ADD node_modules/is-finalizationregistry
1634 silly ADD node_modules/is-extglob
1635 silly ADD node_modules/is-decimal
1636 silly ADD node_modules/is-date-object
1637 silly ADD node_modules/is-data-view
1638 silly ADD node_modules/is-core-module
1639 silly ADD node_modules/is-callable
1640 silly ADD node_modules/is-bun-module
1641 silly ADD node_modules/is-boolean-object
1642 silly ADD node_modules/is-bigint
1643 silly ADD node_modules/is-async-function
1644 silly ADD node_modules/is-arrayish
1645 silly ADD node_modules/is-array-buffer
1646 silly ADD node_modules/is-alphanumerical
1647 silly ADD node_modules/is-alphabetical
1648 silly ADD node_modules/intl-messageformat
1649 silly ADD node_modules/internal-slot
1650 silly ADD node_modules/inline-style-parser
1651 silly ADD node_modules/imurmurhash
1652 silly ADD node_modules/import-fresh
1653 silly ADD node_modules/ignore
1654 silly ADD node_modules/html-void-elements
1655 silly ADD node_modules/html-url-attributes
1656 silly ADD node_modules/hastscript
1657 silly ADD node_modules/hast-util-whitespace
1658 silly ADD node_modules/hast-util-to-parse5
1659 silly ADD node_modules/hast-util-to-parse5/node_modules/property-information
1660 silly ADD node_modules/hast-util-to-jsx-runtime
1661 silly ADD node_modules/hast-util-sanitize
1662 silly ADD node_modules/hast-util-raw
1663 silly ADD node_modules/hast-util-parse-selector
1664 silly ADD node_modules/hast-util-from-parse5
1665 silly ADD node_modules/hasown
1666 silly ADD node_modules/has-tostringtag
1667 silly ADD node_modules/has-symbols
1668 silly ADD node_modules/has-proto
1669 silly ADD node_modules/has-property-descriptors
1670 silly ADD node_modules/has-flag
1671 silly ADD node_modules/has-bigints
1672 silly ADD node_modules/graphemer
1673 silly ADD node_modules/gopd
1674 silly ADD node_modules/globalthis
1675 silly ADD node_modules/globals
1676 silly ADD node_modules/glob-parent
1677 silly ADD node_modules/get-tsconfig
1678 silly ADD node_modules/get-symbol-description
1679 silly ADD node_modules/get-proto
1680 silly ADD node_modules/get-intrinsic
1681 silly ADD node_modules/functions-have-names
1682 silly ADD node_modules/function.prototype.name
1683 silly ADD node_modules/function-bind
1684 silly ADD node_modules/for-each
1685 silly ADD node_modules/flatted
1686 silly ADD node_modules/flat-cache
1687 silly ADD node_modules/find-up
1688 silly ADD node_modules/fill-range
1689 silly ADD node_modules/file-entry-cache
1690 silly ADD node_modules/fastq
1691 silly ADD node_modules/fast-levenshtein
1692 silly ADD node_modules/fast-json-stable-stringify
1693 silly ADD node_modules/fast-glob
1694 silly ADD node_modules/fast-glob/node_modules/glob-parent
1695 silly ADD node_modules/fast-deep-equal
1696 silly ADD node_modules/extend
1697 silly ADD node_modules/esutils
1698 silly ADD node_modules/estree-util-is-identifier-name
1699 silly ADD node_modules/estraverse
1700 silly ADD node_modules/esrecurse
1701 silly ADD node_modules/esquery
1702 silly ADD node_modules/espree
1703 silly ADD node_modules/eslint-visitor-keys
1704 silly ADD node_modules/eslint-scope
1705 silly ADD node_modules/eslint-plugin-react-hooks
1706 silly ADD node_modules/eslint-plugin-react
1707 silly ADD node_modules/eslint-plugin-react/node_modules/semver
1708 silly ADD node_modules/eslint-plugin-react/node_modules/resolve
1709 silly ADD node_modules/eslint-plugin-jsx-a11y
1710 silly ADD node_modules/eslint-plugin-import
1711 silly ADD node_modules/eslint-plugin-import/node_modules/semver
1712 silly ADD node_modules/eslint-plugin-import/node_modules/debug
1713 silly ADD node_modules/eslint-module-utils
1714 silly ADD node_modules/eslint-module-utils/node_modules/debug
1715 silly ADD node_modules/eslint-import-resolver-typescript
1716 silly ADD node_modules/eslint-import-resolver-node
1717 silly ADD node_modules/eslint-import-resolver-node/node_modules/debug
1718 silly ADD node_modules/eslint-config-next
1719 silly ADD node_modules/eslint
1720 silly ADD node_modules/escape-string-regexp
1721 silly ADD node_modules/es-to-primitive
1722 silly ADD node_modules/es-shim-unscopables
1723 silly ADD node_modules/es-set-tostringtag
1724 silly ADD node_modules/es-object-atoms
1725 silly ADD node_modules/es-iterator-helpers
1726 silly ADD node_modules/es-errors
1727 silly ADD node_modules/es-define-property
1728 silly ADD node_modules/es-abstract
1729 silly ADD node_modules/entities
1730 silly ADD node_modules/emoji-regex
1731 silly ADD node_modules/dunder-proto
1732 silly ADD node_modules/doctrine
1733 silly ADD node_modules/devlop
1734 silly ADD node_modules/detect-libc
1735 silly ADD node_modules/dequal
1736 silly ADD node_modules/define-properties
1737 silly ADD node_modules/define-data-property
1738 silly ADD node_modules/deep-is
1739 silly ADD node_modules/decode-named-character-reference
1740 silly ADD node_modules/decimal.js
1741 silly ADD node_modules/debug
1742 silly ADD node_modules/data-view-byte-offset
1743 silly ADD node_modules/data-view-byte-length
1744 silly ADD node_modules/data-view-buffer
1745 silly ADD node_modules/damerau-levenshtein
1746 silly ADD node_modules/csstype
1747 silly ADD node_modules/cross-spawn
1748 silly ADD node_modules/concat-map
1749 silly ADD node_modules/comma-separated-tokens
1750 silly ADD node_modules/color-string
1751 silly ADD node_modules/color-name
1752 silly ADD node_modules/color-convert
1753 silly ADD node_modules/color
1754 silly ADD node_modules/client-only
1755 silly ADD node_modules/character-reference-invalid
1756 silly ADD node_modules/character-entities-legacy
1757 silly ADD node_modules/character-entities-html4
1758 silly ADD node_modules/character-entities
1759 silly ADD node_modules/chalk
1760 silly ADD node_modules/ccount
1761 silly ADD node_modules/caniuse-lite
1762 silly ADD node_modules/callsites
1763 silly ADD node_modules/call-bound
1764 silly ADD node_modules/call-bind-apply-helpers
1765 silly ADD node_modules/call-bind
1766 silly ADD node_modules/braces
1767 silly ADD node_modules/brace-expansion
1768 silly ADD node_modules/balanced-match
1769 silly ADD node_modules/bail
1770 silly ADD node_modules/axobject-query
1771 silly ADD node_modules/axe-core
1772 silly ADD node_modules/available-typed-arrays
1773 silly ADD node_modules/async-function
1774 silly ADD node_modules/ast-types-flow
1775 silly ADD node_modules/arraybuffer.prototype.slice
1776 silly ADD node_modules/array.prototype.tosorted
1777 silly ADD node_modules/array.prototype.flatmap
1778 silly ADD node_modules/array.prototype.flat
1779 silly ADD node_modules/array.prototype.findlastindex
1780 silly ADD node_modules/array.prototype.findlast
1781 silly ADD node_modules/array-includes
1782 silly ADD node_modules/array-buffer-byte-length
1783 silly ADD node_modules/aria-query
1784 silly ADD node_modules/argparse
1785 silly ADD node_modules/ansi-styles
1786 silly ADD node_modules/ajv
1787 silly ADD node_modules/acorn-jsx
1788 silly ADD node_modules/acorn
1789 silly ADD
1790 silly ADD
1791 silly ADD
1792 silly ADD
1793 silly ADD
1794 silly ADD
1795 silly ADD
1796 silly ADD
1797 silly ADD
1798 silly ADD
1799 silly ADD
1800 silly ADD
1801 silly ADD
1802 silly ADD
1803 silly ADD
1804 silly ADD
1805 silly ADD node_modules/@unrs/resolver-binding-darwin-arm64
1806 silly ADD
1807 silly ADD
1808 silly ADD node_modules/@ungap/structured-clone
1809 silly ADD node_modules/@typescript-eslint/visitor-keys
1810 silly ADD node_modules/@typescript-eslint/utils
1811 silly ADD node_modules/@typescript-eslint/typescript-estree
1812 silly ADD node_modules/@typescript-eslint/typescript-estree/node_modules/minimatch
1813 silly ADD node_modules/@typescript-eslint/typescript-estree/node_modules/glob-parent
1814 silly ADD node_modules/@typescript-eslint/typescript-estree/node_modules/fast-glob
1815 silly ADD node_modules/@typescript-eslint/typescript-estree/node_modules/brace-expansion
1816 silly ADD node_modules/@typescript-eslint/types
1817 silly ADD node_modules/@typescript-eslint/type-utils
1818 silly ADD node_modules/@typescript-eslint/tsconfig-utils
1819 silly ADD node_modules/@typescript-eslint/scope-manager
1820 silly ADD node_modules/@typescript-eslint/project-service
1821 silly ADD node_modules/@typescript-eslint/parser
1822 silly ADD node_modules/@typescript-eslint/eslint-plugin
1823 silly ADD node_modules/@typescript-eslint/eslint-plugin/node_modules/ignore
1824 silly ADD node_modules/@types/unist
1825 silly ADD node_modules/@types/react-dom
1826 silly ADD node_modules/@types/react
1827 silly ADD node_modules/@types/node
1828 silly ADD node_modules/@types/ms
1829 silly ADD node_modules/@types/mdast
1830 silly ADD node_modules/@types/json5
1831 silly ADD node_modules/@types/json-schema
1832 silly ADD node_modules/@types/hast
1833 silly ADD node_modules/@types/estree-jsx
1834 silly ADD node_modules/@types/estree
1835 silly ADD node_modules/@types/debug
1836 silly ADD
1837 silly ADD node_modules/@swc/helpers
1838 silly ADD node_modules/@schummar/icu-type-parser
1839 silly ADD node_modules/@rushstack/eslint-patch
1840 silly ADD node_modules/@rtsao/scc
1841 silly ADD node_modules/@nolyfill/is-core-module
1842 silly ADD node_modules/@nodelib/fs.walk
1843 silly ADD node_modules/@nodelib/fs.stat
1844 silly ADD node_modules/@nodelib/fs.scandir
1845 silly ADD
1846 silly ADD
1847 silly ADD
1848 silly ADD
1849 silly ADD
1850 silly ADD
1851 silly ADD
1852 silly ADD node_modules/@next/swc-darwin-arm64
1853 silly ADD node_modules/@next/eslint-plugin-next
1854 silly ADD node_modules/@next/env
1855 silly ADD
1856 silly ADD
1857 silly ADD
1858 silly ADD
1859 silly ADD
1860 silly ADD
1861 silly ADD
1862 silly ADD
1863 silly ADD
1864 silly ADD
1865 silly ADD
1866 silly ADD
1867 silly ADD
1868 silly ADD
1869 silly ADD
1870 silly ADD
1871 silly ADD
1872 silly ADD
1873 silly ADD
1874 silly ADD
1875 silly ADD node_modules/@img/sharp-libvips-darwin-arm64
1876 silly ADD
1877 silly ADD node_modules/@img/sharp-darwin-arm64
1878 silly ADD node_modules/@humanwhocodes/retry
1879 silly ADD node_modules/@humanwhocodes/module-importer
1880 silly ADD node_modules/@humanfs/node
1881 silly ADD node_modules/@humanfs/node/node_modules/@humanwhocodes/retry
1882 silly ADD node_modules/@humanfs/core
1883 silly ADD node_modules/@formatjs/intl-localematcher
1884 silly ADD node_modules/@formatjs/icu-skeleton-parser
1885 silly ADD node_modules/@formatjs/icu-messageformat-parser
1886 silly ADD node_modules/@formatjs/fast-memoize
1887 silly ADD node_modules/@formatjs/ecma402-abstract
1888 silly ADD node_modules/@formatjs/ecma402-abstract/node_modules/@formatjs/intl-localematcher
1889 silly ADD node_modules/@eslint/plugin-kit
1890 silly ADD node_modules/@eslint/object-schema
1891 silly ADD node_modules/@eslint/js
1892 silly ADD node_modules/@eslint/eslintrc
1893 silly ADD node_modules/@eslint/core
1894 silly ADD node_modules/@eslint/config-helpers
1895 silly ADD node_modules/@eslint/config-array
1896 silly ADD node_modules/@eslint-community/regexpp
1897 silly ADD node_modules/@eslint-community/eslint-utils
1898 silly ADD node_modules/@eslint-community/eslint-utils/node_modules/eslint-visitor-keys
1899 silly ADD
1900 silly ADD node_modules/@emnapi/runtime
1901 silly ADD
1902 verbose cwd /Users/yonmilk/git/portfolio
1903 verbose os Darwin 24.6.0
1904 verbose node v23.10.0
1905 verbose npm  v10.9.2
1906 notice
1906 notice New major version of npm available! 10.9.2 -> 11.5.2
1906 notice Changelog: https://github.com/npm/cli/releases/tag/v11.5.2
1906 notice To update run: npm install -g npm@11.5.2
1906 notice  { force: true, [Symbol(proc-log.meta)]: true }
1907 verbose exit 0
1908 info ok
